txn_id,txn_code,merchant_id,amount,payment_method,status,txn_date,completed_date,processing_time_secs,is_verified
1,TXN-100001,3,46047.72,Credit Card,refunded,2023-11-23 08:52:00,2023-11-23 08:53:17,77,True
2,TXN-100002,35,44582.68,Bank Transfer,completed,2023-02-14 02:02:00,2023-02-14 02:03:11,71,True
3,TXN-100003,12,36891.74,Bank Transfer,completed,2023-04-15 17:36:00,2023-04-15 17:37:39,99,True
4,TXN-100004,31,11520.81,Debit Card,refunded,2023-09-06 18:27:00,2023-09-06 18:28:13,73,True
5,TXN-100005,26,34833.71,Credit Card,refunded,2023-04-19 19:41:00,2023-04-19 19:42:23,83,True
6,TXN-100006,22,48245.95,Credit Card,pending,2023-08-08 06:32:00,2023-08-08 06:33:05,65,True
7,TXN-100007,17,17764.0,Maya,pending,2023-04-26 05:22:00,2023-04-26 05:23:26,86,True
8,TXN-100008,34,47743.92,Bank Transfer,completed,2023-05-30 09:31:00,2023-05-30 09:31:31,31,False
9,TXN-100009,38,34104.09,Credit Card,failed,2023-05-23 09:11:00,2023-05-23 09:11:02,2,False
10,TXN-100010,28,26086.78,GCash,refunded,2023-11-12 13:44:00,2023-11-12 13:44:52,52,False
11,TXN-100011,35,17818.84,Debit Card,completed,2023-09-08 12:57:00,2023-09-08 12:57:22,22,False
12,TXN-100012,40,37599.27,Debit Card,failed,2023-01-13 19:19:00,2023-01-13 19:19:37,37,False
13,TXN-100013,44,28391.48,Credit Card,refunded,2023-10-23 02:24:00,2023-10-23 02:24:43,43,True
14,TXN-100014,39,49855.69,GCash,completed,2023-02-26 11:22:00,2023-02-26 11:22:19,19,True
15,TXN-100015,11,2441.31,GCash,refunded,2023-10-23 09:21:00,2023-10-23 09:21:46,46,True
16,TXN-100016,50,39466.06,GCash,completed,2023-03-30 10:27:00,2023-03-30 10:28:30,90,True
17,TXN-100017,33,31670.95,Cash,completed,2023-04-29 06:46:00,2023-04-29 06:47:22,82,False
18,TXN-100018,7,30568.73,GCash,refunded,2023-08-06 00:05:00,2023-08-06 00:05:04,4,True
19,TXN-100019,32,23412.05,Maya,failed,2023-07-27 17:04:00,2023-07-27 17:05:52,112,True
20,TXN-100020,34,11568.15,Cash,refunded,2023-12-26 01:42:00,2023-12-26 01:43:25,85,True
21,TXN-100021,12,41445.8,GCash,refunded,2023-04-20 08:22:00,2023-04-20 08:22:39,39,True
22,TXN-100022,34,9468.02,Debit Card,completed,2023-11-23 14:45:00,2023-11-23 14:46:25,85,True
23,TXN-100023,35,24001.16,Debit Card,completed,2023-07-16 23:26:00,2023-07-16 23:27:16,76,True
24,TXN-100024,11,6164.13,Cash,completed,2023-09-12 07:18:00,2023-09-12 07:19:44,104,True
25,TXN-100025,22,47043.99,GCash,completed,2023-07-07 23:20:00,2023-07-07 23:20:30,30,True
26,TXN-100026,36,12529.89,GCash,completed,2023-11-04 00:27:00,2023-11-04 00:28:51,111,False
27,TXN-100027,15,30111.45,GCash,refunded,2023-05-07 09:21:00,2023-05-07 09:21:31,31,True
28,TXN-100028,32,29749.66,Debit Card,completed,2023-09-12 05:25:00,2023-09-12 05:26:02,62,True
29,TXN-100029,2,40828.13,Debit Card,completed,2023-01-26 05:01:00,2023-01-26 05:01:47,47,False
30,TXN-100030,33,4596.82,Cash,completed,2023-05-24 13:57:00,2023-05-24 13:58:51,111,False
31,TXN-100031,3,6822.52,GCash,pending,2023-07-08 14:55:00,2023-07-08 14:55:24,24,True
32,TXN-100032,36,45767.77,Cash,completed,2023-06-01 03:44:00,2023-06-01 03:44:48,48,True
33,TXN-100033,11,14537.85,Bank Transfer,completed,2023-08-15 07:26:00,2023-08-15 07:26:33,33,True
34,TXN-100034,42,381.45,Maya,refunded,2023-12-03 15:54:00,2023-12-03 15:55:28,88,True
35,TXN-100035,46,1558.01,Debit Card,completed,2023-12-27 22:27:00,2023-12-27 22:28:23,83,False
36,TXN-100036,9,6216.52,Credit Card,completed,2023-06-08 03:53:00,2023-06-08 03:53:44,44,False
37,TXN-100037,16,27196.58,Bank Transfer,pending,2023-12-15 12:06:00,2023-12-15 12:06:17,17,True
38,TXN-100038,8,25656.73,GCash,completed,2023-01-15 04:19:00,2023-01-15 04:19:54,54,True
39,TXN-100039,40,6490.56,Debit Card,pending,2023-12-16 16:09:00,2023-12-16 16:10:40,100,True
40,TXN-100040,46,16889.56,Debit Card,completed,2023-09-25 07:49:00,2023-09-25 07:50:32,92,False
41,TXN-100041,46,19901.67,Cash,completed,2023-01-13 06:13:00,2023-01-13 06:13:05,5,False
42,TXN-100042,28,5562.0,Cash,pending,2023-10-09 04:33:00,2023-10-09 04:34:52,112,True
43,TXN-100043,39,45778.26,Maya,completed,2023-10-20 16:47:00,2023-10-20 16:47:20,20,False
44,TXN-100044,45,6938.93,GCash,completed,2023-02-04 17:04:00,2023-02-04 17:04:10,10,True
45,TXN-100045,26,14786.49,Debit Card,pending,2023-09-26 07:47:00,2023-09-26 07:48:56,116,True
46,TXN-100046,27,42628.97,Bank Transfer,refunded,2023-07-28 12:16:00,2023-07-28 12:16:47,47,True
47,TXN-100047,8,11587.71,GCash,completed,2023-01-30 16:39:00,2023-01-30 16:40:42,102,True
48,TXN-100048,7,22008.58,Credit Card,completed,2023-08-11 06:53:00,2023-08-11 06:53:56,56,True
49,TXN-100049,19,21476.61,Credit Card,refunded,2023-12-13 09:19:00,2023-12-13 09:19:04,4,True
50,TXN-100050,23,4326.7,Debit Card,failed,2023-04-14 20:57:00,2023-04-14 20:57:03,3,False
51,TXN-100051,8,34560.75,Bank Transfer,completed,2023-06-25 12:59:00,2023-06-25 13:00:40,100,False
52,TXN-100052,20,11888.1,Cash,completed,2023-11-25 17:45:00,2023-11-25 17:45:21,21,True
53,TXN-100053,26,43850.4,Debit Card,completed,2023-09-06 01:27:00,2023-09-06 01:28:25,85,True
54,TXN-100054,6,2169.31,Maya,completed,2023-01-11 17:46:00,2023-01-11 17:47:52,112,True
55,TXN-100055,1,12509.19,Cash,completed,2023-07-09 14:43:00,2023-07-09 14:44:47,107,False
56,TXN-100056,49,42177.57,Bank Transfer,refunded,2023-09-22 18:01:00,2023-09-22 18:01:54,54,False
57,TXN-100057,28,9560.79,Debit Card,completed,2023-11-03 01:06:00,2023-11-03 01:06:12,12,True
58,TXN-100058,22,17112.61,Maya,completed,2023-04-23 14:35:00,2023-04-23 14:36:41,101,True
59,TXN-100059,50,27562.96,GCash,completed,2023-06-30 19:57:00,2023-06-30 19:58:56,116,False
60,TXN-100060,9,21182.6,Cash,failed,2023-07-26 05:02:00,2023-07-26 05:03:42,102,True
61,TXN-100061,49,40339.3,Maya,pending,2023-09-15 18:46:00,2023-09-15 18:46:55,55,True
62,TXN-100062,38,27977.54,Bank Transfer,completed,2023-03-27 04:25:00,2023-03-27 04:25:16,16,True
63,TXN-100063,45,17444.79,Bank Transfer,completed,2023-11-23 07:24:00,2023-11-23 07:24:03,3,False
64,TXN-100064,31,25899.11,Cash,completed,2023-09-09 15:07:00,2023-09-09 15:07:05,5,True
65,TXN-100065,31,13716.23,Maya,completed,2023-01-31 03:47:00,2023-01-31 03:48:13,73,True
66,TXN-100066,24,15358.52,GCash,failed,2023-02-17 22:24:00,2023-02-17 22:25:58,118,True
67,TXN-100067,9,3522.61,Credit Card,completed,2023-09-03 11:37:00,2023-09-03 11:37:15,15,False
68,TXN-100068,32,15950.63,Bank Transfer,pending,2023-12-25 03:42:00,2023-12-25 03:43:36,96,False
69,TXN-100069,29,48409.86,Credit Card,completed,2023-02-28 04:53:00,2023-02-28 04:53:06,6,True
70,TXN-100070,2,15995.53,Maya,failed,2023-07-30 02:34:00,2023-07-30 02:34:58,58,True
71,TXN-100071,20,33769.82,Cash,completed,2023-09-19 13:20:00,2023-09-19 13:20:14,14,True
72,TXN-100072,11,9268.79,Bank Transfer,completed,2023-03-10 17:31:00,2023-03-10 17:32:08,68,True
73,TXN-100073,11,43611.63,Cash,completed,2023-04-12 05:20:00,2023-04-12 05:21:54,114,True
74,TXN-100074,28,1859.17,Bank Transfer,pending,2023-07-08 11:11:00,2023-07-08 11:11:14,14,True
75,TXN-100075,50,38470.73,Maya,pending,2023-01-18 22:23:00,2023-01-18 22:23:56,56,True
76,TXN-100076,5,18591.14,GCash,completed,2023-12-04 01:02:00,2023-12-04 01:03:20,80,True
77,TXN-100077,36,43789.06,Maya,completed,2023-01-22 01:55:00,2023-01-22 01:56:03,63,True
78,TXN-100078,42,49716.63,Debit Card,completed,2023-03-29 03:16:00,2023-03-29 03:17:33,93,True
79,TXN-100079,31,49421.98,Debit Card,completed,2023-10-14 04:43:00,2023-10-14 04:43:05,5,True
80,TXN-100080,14,24184.75,Credit Card,failed,2023-08-25 05:56:00,2023-08-25 05:57:01,61,True
81,TXN-100081,24,6685.06,Debit Card,refunded,2023-08-13 12:31:00,2023-08-13 12:32:08,68,True
82,TXN-100082,28,18857.06,Cash,completed,2023-06-07 22:41:00,2023-06-07 22:41:17,17,True
83,TXN-100083,15,13970.69,Cash,completed,2023-08-19 05:31:00,2023-08-19 05:32:14,74,True
84,TXN-100084,7,38870.67,Cash,completed,2023-05-28 16:25:00,2023-05-28 16:25:30,30,False
85,TXN-100085,37,31815.74,GCash,completed,2023-11-13 02:30:00,2023-11-13 02:30:21,21,True
86,TXN-100086,2,40659.75,Debit Card,completed,2023-06-20 07:49:00,2023-06-20 07:50:50,110,False
87,TXN-100087,22,8255.06,Debit Card,refunded,2023-07-06 19:50:00,2023-07-06 19:50:19,19,False
88,TXN-100088,26,318.8,Bank Transfer,pending,2023-10-28 10:00:00,2023-10-28 10:01:15,75,False
89,TXN-100089,36,36925.55,Maya,completed,2023-05-30 08:32:00,2023-05-30 08:32:46,46,False
90,TXN-100090,5,2819.36,Cash,completed,2023-08-01 06:44:00,2023-08-01 06:44:13,13,True
91,TXN-100091,16,7204.52,Debit Card,failed,2023-05-24 14:10:00,2023-05-24 14:10:11,11,True
92,TXN-100092,27,532.61,Credit Card,completed,2023-12-11 19:17:00,2023-12-11 19:18:33,93,True
93,TXN-100093,23,41836.54,Credit Card,refunded,2023-07-17 16:09:00,2023-07-17 16:10:18,78,True
94,TXN-100094,2,21849.65,Debit Card,completed,2023-12-18 15:04:00,2023-12-18 15:04:34,34,True
95,TXN-100095,33,14100.87,Credit Card,completed,2023-09-14 21:06:00,2023-09-14 21:07:31,91,True
96,TXN-100096,1,25473.96,Bank Transfer,refunded,2023-04-17 01:59:00,2023-04-17 02:00:27,87,False
97,TXN-100097,28,27529.81,Debit Card,completed,2023-10-03 09:28:00,2023-10-03 09:28:59,59,True
98,TXN-100098,30,16866.82,Maya,refunded,2023-04-26 09:09:00,2023-04-26 09:09:37,37,True
99,TXN-100099,9,7429.52,Debit Card,refunded,2023-08-06 03:48:00,2023-08-06 03:48:45,45,False
100,TXN-100100,15,26871.51,Credit Card,failed,2023-12-27 04:34:00,2023-12-27 04:35:24,84,True
101,TXN-100101,6,31069.4,GCash,completed,2023-11-11 00:42:00,2023-11-11 00:42:39,39,True
102,TXN-100102,37,22870.04,Bank Transfer,completed,2023-05-01 23:08:00,2023-05-01 23:08:10,10,True
103,TXN-100103,42,65.76,Debit Card,completed,2023-12-01 09:20:00,2023-12-01 09:21:50,110,True
104,TXN-100104,15,44082.58,GCash,completed,2023-01-14 05:15:00,2023-01-14 05:16:47,107,True
105,TXN-100105,15,32023.13,GCash,failed,2023-12-01 05:44:00,2023-12-01 05:44:32,32,True
106,TXN-100106,16,6567.09,Debit Card,pending,2023-01-29 08:10:00,2023-01-29 08:11:26,86,True
107,TXN-100107,36,12619.62,Bank Transfer,completed,2023-07-02 20:43:00,2023-07-02 20:43:15,15,True
108,TXN-100108,49,28315.53,GCash,completed,2023-02-18 09:28:00,2023-02-18 09:29:53,113,True
109,TXN-100109,24,20204.27,Debit Card,completed,2023-05-23 13:41:00,2023-05-23 13:42:25,85,True
110,TXN-100110,43,47885.27,Debit Card,pending,2023-10-05 19:00:00,2023-10-05 19:01:36,96,True
111,TXN-100111,30,37615.15,Debit Card,failed,2023-01-17 03:54:00,2023-01-17 03:54:18,18,True
112,TXN-100112,11,46466.31,Credit Card,completed,2023-09-02 00:10:00,2023-09-02 00:10:08,8,True
113,TXN-100113,25,22684.25,GCash,completed,2023-11-06 22:02:00,2023-11-06 22:03:46,106,True
114,TXN-100114,49,3709.7,Cash,failed,2023-11-22 10:41:00,2023-11-22 10:41:11,11,True
115,TXN-100115,39,32523.51,GCash,completed,2023-01-12 02:13:00,2023-01-12 02:14:24,84,False
116,TXN-100116,34,47581.01,GCash,pending,2023-05-20 14:23:00,2023-05-20 14:24:47,107,True
117,TXN-100117,3,45318.12,Cash,pending,2023-02-12 04:04:00,2023-02-12 04:05:38,98,True
118,TXN-100118,26,37456.1,Credit Card,pending,2023-12-27 08:58:00,2023-12-27 08:58:37,37,False
119,TXN-100119,27,20092.01,Credit Card,completed,2023-10-22 12:47:00,2023-10-22 12:47:02,2,True
120,TXN-100120,5,29273.91,Cash,completed,2023-08-10 08:23:00,2023-08-10 08:24:19,79,True
121,TXN-100121,42,46387.62,Credit Card,completed,2023-10-26 22:57:00,2023-10-26 22:57:36,36,True
122,TXN-100122,29,31150.74,Cash,failed,2023-06-30 19:08:00,2023-06-30 19:08:58,58,False
123,TXN-100123,24,40468.54,GCash,completed,2023-01-02 12:37:00,2023-01-02 12:37:33,33,False
124,TXN-100124,25,40367.16,Credit Card,completed,2023-01-06 09:45:00,2023-01-06 09:45:16,16,True
125,TXN-100125,49,46965.32,GCash,failed,2023-05-25 11:11:00,2023-05-25 11:11:01,1,True
126,TXN-100126,8,43138.48,Credit Card,completed,2023-07-03 05:01:00,2023-07-03 05:01:48,48,True
127,TXN-100127,26,27991.88,Credit Card,completed,2023-03-09 22:58:00,2023-03-09 22:59:10,70,False
128,TXN-100128,42,30092.93,Bank Transfer,completed,2023-06-18 23:40:00,2023-06-18 23:41:11,71,True
129,TXN-100129,1,37956.12,Cash,refunded,2023-10-16 17:04:00,2023-10-16 17:05:46,106,True
130,TXN-100130,24,43908.29,Bank Transfer,pending,2023-12-24 09:02:00,2023-12-24 09:03:00,60,True
131,TXN-100131,11,46392.42,Bank Transfer,completed,2023-02-20 19:37:00,2023-02-20 19:37:58,58,False
132,TXN-100132,45,38694.97,GCash,completed,2023-02-14 16:35:00,2023-02-14 16:35:42,42,True
133,TXN-100133,42,36459.24,Cash,pending,2023-10-27 15:54:00,2023-10-27 15:54:04,4,True
134,TXN-100134,39,18391.89,GCash,completed,2023-11-02 09:30:00,2023-11-02 09:30:54,54,True
135,TXN-100135,18,6684.01,GCash,completed,2023-04-17 13:10:00,2023-04-17 13:11:34,94,True
136,TXN-100136,27,38254.46,Debit Card,refunded,2023-04-16 05:06:00,2023-04-16 05:06:41,41,True
137,TXN-100137,46,46320.41,Credit Card,completed,2023-06-24 16:43:00,2023-06-24 16:44:04,64,False
138,TXN-100138,17,14016.62,Bank Transfer,refunded,2023-10-31 13:58:00,2023-10-31 13:58:26,26,True
139,TXN-100139,35,26230.8,Cash,completed,2023-07-03 09:56:00,2023-07-03 09:56:34,34,True
140,TXN-100140,1,361.7,Maya,completed,2023-03-15 10:31:00,2023-03-15 10:31:36,36,True
141,TXN-100141,32,9062.01,Credit Card,failed,2023-02-01 13:39:00,2023-02-01 13:39:49,49,True
142,TXN-100142,1,41044.16,Maya,completed,2023-08-13 07:41:00,2023-08-13 07:42:23,83,True
143,TXN-100143,49,41433.94,GCash,failed,2023-12-12 21:56:00,2023-12-12 21:56:42,42,True
144,TXN-100144,38,8981.42,Debit Card,failed,2023-11-18 11:26:00,2023-11-18 11:27:38,98,True
145,TXN-100145,38,40467.39,Cash,completed,2023-10-12 03:24:00,2023-10-12 03:25:58,118,True
146,TXN-100146,42,4015.78,GCash,completed,2023-08-12 02:43:00,2023-08-12 02:44:15,75,True
147,TXN-100147,39,4681.32,Debit Card,completed,2023-03-28 22:14:00,2023-03-28 22:14:58,58,True
148,TXN-100148,34,37445.71,Credit Card,completed,2023-01-24 01:05:00,2023-01-24 01:05:12,12,False
149,TXN-100149,19,43838.13,Bank Transfer,completed,2023-08-25 01:58:00,2023-08-25 01:59:47,107,True
150,TXN-100150,12,21309.91,Maya,refunded,2023-06-09 09:16:00,2023-06-09 09:16:32,32,False
151,TXN-100151,15,18371.84,GCash,pending,2023-11-26 14:03:00,2023-11-26 14:04:21,81,True
152,TXN-100152,13,42762.46,Debit Card,completed,2023-04-14 01:36:00,2023-04-14 01:36:19,19,True
153,TXN-100153,38,30790.27,Credit Card,completed,2023-02-25 10:36:00,2023-02-25 10:37:10,70,True
154,TXN-100154,4,20412.2,Bank Transfer,completed,2023-05-15 01:33:00,2023-05-15 01:34:31,91,True
155,TXN-100155,30,14784.33,Bank Transfer,refunded,2023-05-15 05:32:00,2023-05-15 05:33:00,60,True
156,TXN-100156,45,42940.45,Credit Card,refunded,2023-03-02 11:09:00,2023-03-02 11:10:02,62,True
157,TXN-100157,19,25061.46,Credit Card,completed,2023-10-16 12:07:00,2023-10-16 12:07:48,48,True
158,TXN-100158,22,15903.11,Bank Transfer,completed,2023-05-08 01:22:00,2023-05-08 01:22:16,16,True
159,TXN-100159,2,16317.38,Debit Card,refunded,2023-03-02 17:32:00,2023-03-02 17:33:03,63,False
160,TXN-100160,19,31153.67,Cash,completed,2023-02-22 14:55:00,2023-02-22 14:55:14,14,True
161,TXN-100161,32,46289.13,Credit Card,completed,2023-01-18 03:25:00,2023-01-18 03:26:35,95,True
162,TXN-100162,7,31415.67,Maya,completed,2023-03-31 22:02:00,2023-03-31 22:03:05,65,True
163,TXN-100163,28,5017.5,Bank Transfer,pending,2023-05-20 13:10:00,2023-05-20 13:11:28,88,True
164,TXN-100164,11,16587.72,Bank Transfer,pending,2023-01-15 03:31:00,2023-01-15 03:31:04,4,True
165,TXN-100165,23,7353.86,GCash,refunded,2023-06-01 13:31:00,2023-06-01 13:32:23,83,True
166,TXN-100166,3,25483.16,GCash,completed,2023-04-07 20:10:00,2023-04-07 20:11:11,71,True
167,TXN-100167,14,5602.4,GCash,completed,2023-06-05 18:03:00,2023-06-05 18:04:09,69,True
168,TXN-100168,17,23682.96,Debit Card,completed,2023-08-07 08:45:00,2023-08-07 08:46:02,62,True
169,TXN-100169,44,7208.55,GCash,failed,2023-10-27 04:35:00,2023-10-27 04:35:11,11,True
170,TXN-100170,23,41352.73,GCash,completed,2023-10-07 23:32:00,2023-10-07 23:33:02,62,True
171,TXN-100171,13,30895.01,Debit Card,completed,2023-05-18 19:59:00,2023-05-18 19:59:31,31,True
172,TXN-100172,44,30974.8,GCash,completed,2023-08-18 18:52:00,2023-08-18 18:53:01,61,True
173,TXN-100173,23,10979.77,Credit Card,completed,2023-11-18 01:35:00,2023-11-18 01:35:52,52,True
174,TXN-100174,38,10389.8,Maya,completed,2023-08-06 23:15:00,2023-08-06 23:15:07,7,True
175,TXN-100175,37,32881.13,Credit Card,completed,2023-04-21 08:09:00,2023-04-21 08:09:26,26,True
176,TXN-100176,25,23494.79,Bank Transfer,pending,2023-12-30 03:45:00,2023-12-30 03:45:43,43,True
177,TXN-100177,43,25258.94,GCash,refunded,2023-07-02 06:59:00,2023-07-02 06:59:08,8,True
178,TXN-100178,34,36936.1,Debit Card,completed,2023-11-10 19:10:00,2023-11-10 19:10:21,21,True
179,TXN-100179,32,29896.81,Credit Card,completed,2023-10-13 06:48:00,2023-10-13 06:49:38,98,True
180,TXN-100180,19,44354.04,Maya,completed,2023-05-24 12:40:00,2023-05-24 12:41:33,93,True
181,TXN-100181,13,8276.59,GCash,failed,2023-10-05 18:02:00,2023-10-05 18:03:34,94,True
182,TXN-100182,44,24340.52,Cash,refunded,2023-06-27 05:41:00,2023-06-27 05:41:57,57,True
183,TXN-100183,17,25064.03,Maya,completed,2023-01-09 02:44:00,2023-01-09 02:44:17,17,True
184,TXN-100184,16,13884.14,Cash,refunded,2023-08-18 16:36:00,2023-08-18 16:37:37,97,False
185,TXN-100185,11,17251.05,Debit Card,completed,2023-11-29 13:21:00,2023-11-29 13:22:10,70,True
186,TXN-100186,9,6122.7,Cash,failed,2023-01-12 19:25:00,2023-01-12 19:25:54,54,False
187,TXN-100187,18,48203.32,Cash,completed,2023-07-09 17:59:00,2023-07-09 18:00:43,103,True
188,TXN-100188,19,13787.63,Maya,completed,2023-08-02 18:28:00,2023-08-02 18:29:04,64,False
189,TXN-100189,10,10517.71,Maya,pending,2023-07-10 16:34:00,2023-07-10 16:34:48,48,True
190,TXN-100190,50,1882.62,Credit Card,failed,2023-06-14 20:42:00,2023-06-14 20:42:30,30,True
191,TXN-100191,1,10347.51,Debit Card,completed,2023-12-23 11:37:00,2023-12-23 11:38:17,77,True
192,TXN-100192,6,36441.51,Debit Card,completed,2023-05-29 22:58:00,2023-05-29 22:58:12,12,True
193,TXN-100193,2,19183.18,GCash,completed,2023-09-01 07:28:00,2023-09-01 07:28:13,13,True
194,TXN-100194,24,3021.73,Cash,completed,2023-02-15 17:53:00,2023-02-15 17:54:57,117,True
195,TXN-100195,34,35745.45,Cash,completed,2023-08-20 20:27:00,2023-08-20 20:28:58,118,False
196,TXN-100196,16,14865.48,Maya,refunded,2023-01-03 08:29:00,2023-01-03 08:29:59,59,False
197,TXN-100197,43,35263.52,Bank Transfer,completed,2023-04-15 23:17:00,2023-04-15 23:17:48,48,True
198,TXN-100198,24,12912.07,GCash,refunded,2023-10-25 09:35:00,2023-10-25 09:35:16,16,True
199,TXN-100199,22,17159.95,Cash,failed,2023-05-11 16:02:00,2023-05-11 16:03:41,101,False
200,TXN-100200,14,11846.38,Debit Card,refunded,2023-03-25 18:41:00,2023-03-25 18:42:20,80,True
201,TXN-100201,41,37879.87,Maya,failed,2023-03-08 22:07:00,2023-03-08 22:07:03,3,True
202,TXN-100202,48,22802.44,GCash,refunded,2023-07-16 11:10:00,2023-07-16 11:11:37,97,False
203,TXN-100203,6,22639.72,Credit Card,failed,2023-02-18 15:15:00,2023-02-18 15:16:47,107,False
204,TXN-100204,6,31512.53,Credit Card,failed,2023-01-14 00:25:00,2023-01-14 00:25:33,33,False
205,TXN-100205,28,20817.2,Credit Card,completed,2023-12-31 04:26:00,2023-12-31 04:26:40,40,False
206,TXN-100206,42,13856.14,Debit Card,completed,2023-04-07 21:01:00,2023-04-07 21:02:03,63,False
207,TXN-100207,35,14842.42,Bank Transfer,failed,2023-04-10 18:08:00,2023-04-10 18:09:45,105,True
208,TXN-100208,23,13423.36,Cash,pending,2023-09-08 19:08:00,2023-09-08 19:08:41,41,False
209,TXN-100209,46,49740.4,Maya,completed,2023-06-22 12:24:00,2023-06-22 12:25:47,107,True
210,TXN-100210,30,25569.71,GCash,completed,2023-04-05 12:57:00,2023-04-05 12:58:15,75,True
211,TXN-100211,27,24242.35,Credit Card,completed,2023-04-11 13:37:00,2023-04-11 13:37:37,37,True
212,TXN-100212,18,43898.4,Maya,completed,2023-07-16 13:50:00,2023-07-16 13:50:58,58,False
213,TXN-100213,28,38550.23,Maya,refunded,2023-01-05 19:29:00,2023-01-05 19:29:05,5,True
214,TXN-100214,22,37957.0,Maya,failed,2023-03-13 12:35:00,2023-03-13 12:36:42,102,False
215,TXN-100215,20,1322.67,Maya,refunded,2023-01-14 14:26:00,2023-01-14 14:26:22,22,False
216,TXN-100216,3,5509.65,Bank Transfer,failed,2023-01-04 10:47:00,2023-01-04 10:48:47,107,True
217,TXN-100217,47,42652.51,Credit Card,failed,2023-12-26 03:58:00,2023-12-26 03:58:25,25,True
218,TXN-100218,11,25246.97,GCash,completed,2023-01-31 05:44:00,2023-01-31 05:44:16,16,True
219,TXN-100219,31,7948.77,Debit Card,completed,2023-03-27 08:39:00,2023-03-27 08:39:18,18,True
220,TXN-100220,33,16107.73,Cash,completed,2023-07-08 19:57:00,2023-07-08 19:57:43,43,False
221,TXN-100221,6,24398.32,Debit Card,refunded,2023-11-26 14:19:00,2023-11-26 14:20:04,64,True
222,TXN-100222,8,26803.06,Debit Card,completed,2023-11-11 21:25:00,2023-11-11 21:25:46,46,True
223,TXN-100223,46,19432.94,Debit Card,refunded,2023-06-20 23:43:00,2023-06-20 23:44:45,105,False
224,TXN-100224,10,29453.45,Bank Transfer,completed,2023-03-17 10:23:00,2023-03-17 10:23:02,2,True
225,TXN-100225,37,2139.67,Debit Card,refunded,2023-07-13 08:43:00,2023-07-13 08:44:50,110,True
226,TXN-100226,49,6642.78,Cash,refunded,2023-02-05 01:10:00,2023-02-05 01:11:43,103,False
227,TXN-100227,41,18370.22,Cash,pending,2023-05-28 19:53:00,2023-05-28 19:54:07,67,True
228,TXN-100228,2,29427.44,GCash,failed,2023-09-23 00:32:00,2023-09-23 00:32:32,32,True
229,TXN-100229,33,35453.56,GCash,completed,2023-08-29 13:10:00,2023-08-29 13:10:15,15,True
230,TXN-100230,26,3321.21,Credit Card,completed,2023-11-28 20:13:00,2023-11-28 20:13:10,10,True
231,TXN-100231,44,48053.04,Cash,failed,2023-07-21 19:21:00,2023-07-21 19:21:04,4,True
232,TXN-100232,12,10056.38,Cash,pending,2023-11-27 11:11:00,2023-11-27 11:12:35,95,True
233,TXN-100233,26,27607.91,Credit Card,completed,2023-08-10 17:46:00,2023-08-10 17:46:47,47,False
234,TXN-100234,13,19934.96,Bank Transfer,completed,2023-02-07 12:39:00,2023-02-07 12:39:04,4,True
235,TXN-100235,48,11199.37,Maya,completed,2023-09-08 02:00:00,2023-09-08 02:00:32,32,True
236,TXN-100236,28,44223.33,Cash,failed,2023-02-26 06:47:00,2023-02-26 06:47:04,4,True
237,TXN-100237,50,43676.7,Maya,completed,2023-04-29 11:03:00,2023-04-29 11:04:58,118,True
238,TXN-100238,12,33545.7,Bank Transfer,completed,2023-06-16 11:30:00,2023-06-16 11:31:31,91,True
239,TXN-100239,3,36436.83,GCash,completed,2023-11-15 22:24:00,2023-11-15 22:24:59,59,True
240,TXN-100240,9,10296.41,Cash,refunded,2023-08-31 17:52:00,2023-08-31 17:53:50,110,True
241,TXN-100241,20,43439.11,Credit Card,completed,2023-10-29 09:39:00,2023-10-29 09:39:11,11,True
242,TXN-100242,9,3890.21,Credit Card,completed,2023-02-26 09:34:00,2023-02-26 09:35:14,74,True
243,TXN-100243,18,32847.99,GCash,failed,2023-10-17 14:09:00,2023-10-17 14:09:43,43,True
244,TXN-100244,45,5595.56,Cash,completed,2023-01-08 23:50:00,2023-01-08 23:50:20,20,False
245,TXN-100245,4,36513.82,Bank Transfer,completed,2023-01-23 20:59:00,2023-01-23 20:59:49,49,True
246,TXN-100246,43,28003.89,GCash,pending,2023-05-16 23:12:00,2023-05-16 23:13:10,70,False
247,TXN-100247,39,31373.4,GCash,completed,2023-11-23 08:42:00,2023-11-23 08:43:11,71,False
248,TXN-100248,39,41201.68,Bank Transfer,pending,2023-04-02 20:38:00,2023-04-02 20:38:56,56,True
249,TXN-100249,3,30127.22,Bank Transfer,completed,2023-01-04 00:21:00,2023-01-04 00:21:01,1,True
250,TXN-100250,26,31781.4,Bank Transfer,completed,2023-10-27 07:40:00,2023-10-27 07:40:31,31,True
251,TXN-100251,18,22900.48,Debit Card,completed,2023-04-06 23:48:00,2023-04-06 23:49:08,68,True
252,TXN-100252,41,15408.45,Debit Card,failed,2023-07-12 14:35:00,2023-07-12 14:35:56,56,True
253,TXN-100253,20,39576.77,Maya,failed,2023-03-18 03:44:00,2023-03-18 03:44:12,12,True
254,TXN-100254,16,31658.69,Debit Card,completed,2023-07-24 04:20:00,2023-07-24 04:21:23,83,False
255,TXN-100255,19,1745.65,Bank Transfer,pending,2023-12-22 07:34:00,2023-12-22 07:34:38,38,True
256,TXN-100256,5,9632.01,Bank Transfer,pending,2023-10-02 01:04:00,2023-10-02 01:05:10,70,False
257,TXN-100257,21,25138.99,Debit Card,pending,2023-07-01 14:40:00,2023-07-01 14:40:07,7,True
258,TXN-100258,41,13421.64,Debit Card,completed,2023-09-25 21:08:00,2023-09-25 21:09:15,75,True
259,TXN-100259,24,35600.31,Debit Card,failed,2023-01-04 18:46:00,2023-01-04 18:46:18,18,True
260,TXN-100260,39,1746.04,Maya,failed,2023-12-20 15:50:00,2023-12-20 15:50:18,18,True
261,TXN-100261,50,24306.34,Bank Transfer,refunded,2023-11-16 20:45:00,2023-11-16 20:46:48,108,False
262,TXN-100262,1,9915.32,Bank Transfer,failed,2023-10-21 07:39:00,2023-10-21 07:40:11,71,False
263,TXN-100263,39,10197.41,Cash,pending,2023-01-17 15:55:00,2023-01-17 15:55:19,19,False
264,TXN-100264,9,43878.04,Debit Card,completed,2023-03-16 12:37:00,2023-03-16 12:37:08,8,True
265,TXN-100265,24,16768.16,Maya,pending,2023-11-12 14:19:00,2023-11-12 14:20:51,111,False
266,TXN-100266,34,12845.76,Maya,completed,2023-07-11 05:56:00,2023-07-11 05:56:16,16,True
267,TXN-100267,3,21607.14,Credit Card,completed,2023-11-23 01:01:00,2023-11-23 01:01:12,12,True
268,TXN-100268,29,8695.64,Credit Card,completed,2023-10-19 12:09:00,2023-10-19 12:09:54,54,True
269,TXN-100269,27,15385.64,Bank Transfer,completed,2023-11-20 17:58:00,2023-11-20 17:58:25,25,True
270,TXN-100270,13,17978.91,Cash,completed,2023-03-24 07:43:00,2023-03-24 07:44:56,116,True
271,TXN-100271,8,8269.15,Cash,completed,2023-04-05 18:44:00,2023-04-05 18:45:15,75,True
272,TXN-100272,21,28971.82,Maya,completed,2023-03-27 06:40:00,2023-03-27 06:40:29,29,True
273,TXN-100273,34,26447.44,Debit Card,refunded,2023-10-10 11:21:00,2023-10-10 11:22:37,97,True
274,TXN-100274,26,15540.27,Bank Transfer,completed,2023-04-15 16:08:00,2023-04-15 16:09:47,107,False
275,TXN-100275,6,35119.72,Maya,completed,2023-08-30 19:22:00,2023-08-30 19:22:32,32,True
276,TXN-100276,27,10842.08,Bank Transfer,completed,2023-06-24 22:11:00,2023-06-24 22:12:52,112,True
277,TXN-100277,11,26728.46,Debit Card,completed,2023-03-30 02:48:00,2023-03-30 02:48:16,16,False
278,TXN-100278,14,34369.68,Maya,failed,2023-08-27 03:37:00,2023-08-27 03:37:14,14,True
279,TXN-100279,30,36313.93,Cash,completed,2023-11-21 09:40:00,2023-11-21 09:40:16,16,True
280,TXN-100280,7,26706.32,Maya,completed,2023-05-05 14:26:00,2023-05-05 14:26:41,41,False
281,TXN-100281,31,22431.69,Bank Transfer,completed,2023-12-29 07:57:00,2023-12-29 07:58:58,118,True
282,TXN-100282,2,5650.47,Bank Transfer,completed,2023-11-30 21:58:00,2023-11-30 21:59:24,84,True
283,TXN-100283,40,22398.33,Cash,completed,2023-07-26 15:11:00,2023-07-26 15:12:05,65,True
284,TXN-100284,7,30244.72,GCash,completed,2023-11-27 04:51:00,2023-11-27 04:52:04,64,True
285,TXN-100285,45,47512.74,Credit Card,completed,2023-10-17 01:36:00,2023-10-17 01:36:36,36,True
286,TXN-100286,9,21950.27,Credit Card,refunded,2023-08-09 14:11:00,2023-08-09 14:12:05,65,True
287,TXN-100287,31,20585.23,Credit Card,refunded,2023-03-25 08:58:00,2023-03-25 08:58:34,34,False
288,TXN-100288,28,13822.17,Credit Card,refunded,2023-05-12 15:58:00,2023-05-12 15:58:05,5,True
289,TXN-100289,41,42560.36,Credit Card,completed,2023-11-13 21:08:00,2023-11-13 21:09:00,60,True
290,TXN-100290,9,29128.82,Credit Card,completed,2023-03-19 10:19:00,2023-03-19 10:19:41,41,False
291,TXN-100291,47,14001.85,Cash,completed,2023-01-26 20:47:00,2023-01-26 20:47:15,15,True
292,TXN-100292,23,6450.29,Debit Card,completed,2023-03-17 23:11:00,2023-03-17 23:11:51,51,False
293,TXN-100293,41,24042.8,Maya,pending,2023-02-23 18:37:00,2023-02-23 18:37:39,39,True
294,TXN-100294,49,33237.94,Cash,refunded,2023-08-03 20:32:00,2023-08-03 20:32:10,10,True
295,TXN-100295,2,36825.85,Debit Card,failed,2023-06-09 05:15:00,2023-06-09 05:16:04,64,False
296,TXN-100296,25,38346.64,Credit Card,completed,2023-04-04 19:46:00,2023-04-04 19:47:09,69,True
297,TXN-100297,19,38232.19,Maya,completed,2023-07-23 01:41:00,2023-07-23 01:42:03,63,False
298,TXN-100298,29,23895.37,Maya,failed,2023-09-09 12:24:00,2023-09-09 12:25:40,100,False
299,TXN-100299,33,2365.73,GCash,completed,2023-07-22 12:30:00,2023-07-22 12:30:11,11,True
300,TXN-100300,44,45941.4,Bank Transfer,completed,2023-01-02 10:27:00,2023-01-02 10:27:18,18,True
301,TXN-100301,11,556.88,Maya,pending,2023-02-28 12:31:00,2023-02-28 12:31:17,17,True
302,TXN-100302,5,39245.47,Cash,completed,2023-01-09 09:26:00,2023-01-09 09:27:33,93,True
303,TXN-100303,33,18223.08,Maya,completed,2023-01-22 14:39:00,2023-01-22 14:40:56,116,True
304,TXN-100304,21,45943.68,Maya,completed,2023-05-10 12:03:00,2023-05-10 12:03:59,59,False
305,TXN-100305,12,39824.46,Bank Transfer,pending,2023-12-13 03:15:00,2023-12-13 03:15:52,52,False
306,TXN-100306,2,42190.86,Credit Card,completed,2023-08-30 11:44:00,2023-08-30 11:45:42,102,False
307,TXN-100307,3,7518.56,Debit Card,completed,2023-10-03 15:06:00,2023-10-03 15:06:36,36,True
308,TXN-100308,3,44286.45,Bank Transfer,refunded,2023-08-21 21:02:00,2023-08-21 21:03:05,65,True
309,TXN-100309,12,45305.96,Debit Card,failed,2023-01-27 10:25:00,2023-01-27 10:26:17,77,True
310,TXN-100310,45,6376.21,Bank Transfer,completed,2023-06-24 19:52:00,2023-06-24 19:52:36,36,False
311,TXN-100311,18,40630.59,GCash,refunded,2023-04-18 23:36:00,2023-04-18 23:37:29,89,True
312,TXN-100312,11,22375.44,Cash,failed,2023-03-15 18:29:00,2023-03-15 18:30:54,114,True
313,TXN-100313,24,8919.54,Credit Card,completed,2023-07-17 23:31:00,2023-07-17 23:32:48,108,True
314,TXN-100314,46,40122.95,Maya,refunded,2023-01-13 09:58:00,2023-01-13 09:59:16,76,False
315,TXN-100315,14,35599.04,Maya,failed,2023-07-30 00:17:00,2023-07-30 00:18:57,117,False
316,TXN-100316,21,35403.25,GCash,completed,2023-12-30 00:06:00,2023-12-30 00:07:41,101,True
317,TXN-100317,28,5693.81,Maya,refunded,2023-11-04 00:27:00,2023-11-04 00:27:10,10,True
318,TXN-100318,45,12290.0,Bank Transfer,completed,2023-01-11 09:18:00,2023-01-11 09:19:06,66,True
319,TXN-100319,11,4315.26,Credit Card,completed,2023-09-11 07:31:00,2023-09-11 07:32:55,115,False
320,TXN-100320,20,5027.75,Debit Card,completed,2023-08-04 18:21:00,2023-08-04 18:22:38,98,False
321,TXN-100321,20,23256.42,Maya,completed,2023-08-31 18:25:00,2023-08-31 18:25:14,14,True
322,TXN-100322,35,28678.26,Cash,failed,2023-03-28 13:52:00,2023-03-28 13:53:28,88,True
323,TXN-100323,43,17988.7,Bank Transfer,completed,2023-07-06 21:14:00,2023-07-06 21:15:22,82,True
324,TXN-100324,47,38321.09,Cash,completed,2023-05-13 11:34:00,2023-05-13 11:34:32,32,True
325,TXN-100325,30,40963.6,Credit Card,failed,2023-07-01 18:13:00,2023-07-01 18:14:21,81,True
326,TXN-100326,23,42058.34,Bank Transfer,refunded,2023-01-17 04:21:00,2023-01-17 04:22:11,71,True
327,TXN-100327,17,40153.16,Cash,completed,2023-08-04 13:34:00,2023-08-04 13:34:31,31,True
328,TXN-100328,45,27376.64,Debit Card,refunded,2023-04-12 16:57:00,2023-04-12 16:57:47,47,False
329,TXN-100329,39,2075.42,Credit Card,completed,2023-06-06 21:03:00,2023-06-06 21:04:36,96,True
330,TXN-100330,41,42495.66,Bank Transfer,pending,2023-06-05 15:10:00,2023-06-05 15:11:13,73,True
331,TXN-100331,34,46125.8,Debit Card,completed,2023-10-11 07:15:00,2023-10-11 07:16:27,87,True
332,TXN-100332,27,22032.52,Credit Card,completed,2023-09-02 20:38:00,2023-09-02 20:38:23,23,True
333,TXN-100333,27,12944.72,Debit Card,completed,2023-12-10 13:39:00,2023-12-10 13:39:11,11,True
334,TXN-100334,5,7912.17,GCash,refunded,2023-03-24 20:29:00,2023-03-24 20:30:27,87,True
335,TXN-100335,15,49861.05,Cash,completed,2023-01-29 05:29:00,2023-01-29 05:30:06,66,True
336,TXN-100336,28,28967.31,Debit Card,pending,2023-01-18 02:11:00,2023-01-18 02:11:04,4,False
337,TXN-100337,21,19646.93,Credit Card,failed,2023-03-24 10:20:00,2023-03-24 10:20:56,56,True
338,TXN-100338,21,4100.31,Debit Card,completed,2023-06-26 16:27:00,2023-06-26 16:27:12,12,True
339,TXN-100339,34,14922.24,Bank Transfer,completed,2023-07-07 23:05:00,2023-07-07 23:05:20,20,True
340,TXN-100340,48,37466.84,Credit Card,completed,2023-07-20 07:27:00,2023-07-20 07:28:11,71,True
341,TXN-100341,36,1555.94,Cash,completed,2023-01-17 07:26:00,2023-01-17 07:26:54,54,True
342,TXN-100342,36,40542.47,Cash,completed,2023-08-23 17:23:00,2023-08-23 17:24:51,111,True
343,TXN-100343,50,27099.82,Debit Card,completed,2023-12-01 06:37:00,2023-12-01 06:37:27,27,True
344,TXN-100344,46,16091.72,Cash,failed,2023-05-15 18:15:00,2023-05-15 18:16:37,97,False
345,TXN-100345,46,5608.8,GCash,completed,2023-07-23 18:18:00,2023-07-23 18:18:09,9,True
346,TXN-100346,40,39008.97,Debit Card,failed,2023-05-31 09:26:00,2023-05-31 09:27:48,108,False
347,TXN-100347,35,5240.38,Cash,refunded,2023-03-12 05:27:00,2023-03-12 05:28:11,71,False
348,TXN-100348,1,26416.78,Credit Card,refunded,2023-08-07 18:51:00,2023-08-07 18:51:46,46,True
349,TXN-100349,14,31428.83,Debit Card,pending,2023-06-05 09:11:00,2023-06-05 09:12:30,90,False
350,TXN-100350,23,22958.36,Bank Transfer,completed,2023-02-23 13:18:00,2023-02-23 13:18:54,54,True
351,TXN-100351,2,38887.44,GCash,completed,2023-06-24 02:26:00,2023-06-24 02:28:00,120,True
352,TXN-100352,31,2315.3,Credit Card,completed,2023-04-06 18:20:00,2023-04-06 18:20:21,21,True
353,TXN-100353,46,41840.85,Cash,completed,2023-01-04 16:19:00,2023-01-04 16:20:52,112,True
354,TXN-100354,4,49827.42,Bank Transfer,completed,2023-05-10 23:14:00,2023-05-10 23:15:09,69,False
355,TXN-100355,18,4396.33,GCash,refunded,2023-06-02 08:51:00,2023-06-02 08:51:32,32,True
356,TXN-100356,5,17916.03,Cash,completed,2023-10-21 22:26:00,2023-10-21 22:26:56,56,True
357,TXN-100357,37,2090.15,Maya,completed,2023-12-24 06:05:00,2023-12-24 06:05:01,1,True
358,TXN-100358,49,41248.85,Debit Card,refunded,2023-08-25 10:39:00,2023-08-25 10:40:22,82,True
359,TXN-100359,40,20212.8,Cash,completed,2023-03-03 10:07:00,2023-03-03 10:07:18,18,False
360,TXN-100360,14,2631.22,Bank Transfer,refunded,2023-04-21 17:08:00,2023-04-21 17:09:32,92,True
361,TXN-100361,49,31959.8,Credit Card,completed,2023-05-10 15:07:00,2023-05-10 15:08:30,90,True
362,TXN-100362,50,44757.15,Debit Card,completed,2023-10-22 04:03:00,2023-10-22 04:04:26,86,False
363,TXN-100363,31,49894.29,Credit Card,completed,2023-07-17 08:28:00,2023-07-17 08:29:04,64,False
364,TXN-100364,7,37897.33,Bank Transfer,failed,2023-09-26 22:39:00,2023-09-26 22:39:17,17,True
365,TXN-100365,26,49100.91,Maya,completed,2023-12-16 17:20:00,2023-12-16 17:21:22,82,False
366,TXN-100366,4,20907.75,Maya,failed,2023-10-12 08:53:00,2023-10-12 08:54:13,73,True
367,TXN-100367,20,30920.03,Credit Card,failed,2023-04-12 11:45:00,2023-04-12 11:45:13,13,False
368,TXN-100368,4,5482.62,GCash,pending,2023-06-25 20:33:00,2023-06-25 20:33:02,2,True
369,TXN-100369,11,34667.25,Bank Transfer,completed,2023-11-30 03:13:00,2023-11-30 03:14:45,105,True
370,TXN-100370,37,39100.95,Maya,completed,2023-02-11 05:05:00,2023-02-11 05:06:22,82,True
371,TXN-100371,7,7337.4,Maya,completed,2023-03-02 00:53:00,2023-03-02 00:53:39,39,True
372,TXN-100372,27,40751.81,Bank Transfer,completed,2023-07-27 16:49:00,2023-07-27 16:50:08,68,False
373,TXN-100373,16,28258.43,Credit Card,completed,2023-12-31 22:29:00,2023-12-31 22:30:37,97,True
374,TXN-100374,45,18896.12,GCash,pending,2023-03-22 10:18:00,2023-03-22 10:19:08,68,True
375,TXN-100375,32,36200.73,Credit Card,completed,2023-06-02 21:20:00,2023-06-02 21:20:26,26,True
376,TXN-100376,2,12082.27,Cash,completed,2023-04-24 02:26:00,2023-04-24 02:27:07,67,True
377,TXN-100377,30,19449.25,Bank Transfer,pending,2023-04-20 03:36:00,2023-04-20 03:37:16,76,False
378,TXN-100378,48,38673.69,Bank Transfer,completed,2023-01-31 07:59:00,2023-01-31 07:59:50,50,True
379,TXN-100379,43,7774.77,Debit Card,refunded,2023-11-22 19:54:00,2023-11-22 19:55:28,88,True
380,TXN-100380,32,7909.95,Credit Card,completed,2023-08-12 10:31:00,2023-08-12 10:32:04,64,True
381,TXN-100381,42,45538.72,Credit Card,completed,2023-07-16 04:34:00,2023-07-16 04:35:19,79,True
382,TXN-100382,8,45478.08,Debit Card,completed,2023-12-18 22:34:00,2023-12-18 22:34:27,27,False
383,TXN-100383,24,46149.19,Cash,completed,2023-07-06 20:46:00,2023-07-06 20:46:16,16,True
384,TXN-100384,33,5083.92,Maya,completed,2023-08-18 18:43:00,2023-08-18 18:44:06,66,False
385,TXN-100385,5,11832.26,Maya,completed,2023-03-05 08:36:00,2023-03-05 08:37:35,95,True
386,TXN-100386,10,22027.17,Debit Card,completed,2023-11-29 09:17:00,2023-11-29 09:17:50,50,False
387,TXN-100387,35,13488.79,Cash,failed,2023-07-29 15:10:00,2023-07-29 15:10:27,27,False
388,TXN-100388,14,27235.31,Cash,completed,2023-12-19 16:36:00,2023-12-19 16:37:53,113,True
389,TXN-100389,23,13327.31,Bank Transfer,pending,2023-03-06 05:24:00,2023-03-06 05:25:54,114,True
390,TXN-100390,19,16910.4,Maya,completed,2023-09-11 17:21:00,2023-09-11 17:22:13,73,True
391,TXN-100391,14,43706.96,Credit Card,completed,2023-04-25 07:04:00,2023-04-25 07:04:27,27,True
392,TXN-100392,19,15597.12,Bank Transfer,pending,2023-04-11 00:58:00,2023-04-11 00:59:30,90,True
393,TXN-100393,26,49984.51,Bank Transfer,refunded,2023-09-26 18:22:00,2023-09-26 18:23:05,65,False
394,TXN-100394,44,7919.49,Debit Card,completed,2023-11-24 20:10:00,2023-11-24 20:11:19,79,True
395,TXN-100395,5,10509.65,Cash,pending,2023-04-30 03:06:00,2023-04-30 03:07:01,61,True
396,TXN-100396,48,25963.49,GCash,refunded,2023-09-09 17:16:00,2023-09-09 17:16:55,55,True
397,TXN-100397,30,40885.48,Credit Card,failed,2023-12-17 04:45:00,2023-12-17 04:45:41,41,True
398,TXN-100398,8,48789.72,Credit Card,refunded,2023-11-15 21:00:00,2023-11-15 21:01:59,119,True
399,TXN-100399,5,28798.93,Debit Card,completed,2023-08-31 18:22:00,2023-08-31 18:22:09,9,True
400,TXN-100400,45,37428.43,Credit Card,completed,2023-12-11 05:37:00,2023-12-11 05:38:12,72,True
401,TXN-100401,14,36746.55,Bank Transfer,completed,2023-11-22 13:49:00,2023-11-22 13:50:45,105,True
402,TXN-100402,44,49401.11,Bank Transfer,pending,2023-01-05 11:35:00,2023-01-05 11:36:58,118,True
403,TXN-100403,35,22227.13,GCash,refunded,2023-03-09 12:32:00,2023-03-09 12:33:49,109,True
404,TXN-100404,16,40576.12,Credit Card,refunded,2023-05-24 02:48:00,2023-05-24 02:48:03,3,False
405,TXN-100405,43,45865.44,GCash,completed,2023-09-12 18:36:00,2023-09-12 18:36:06,6,True
406,TXN-100406,24,12503.19,Credit Card,completed,2023-10-17 07:39:00,2023-10-17 07:39:52,52,False
407,TXN-100407,48,14512.86,Maya,failed,2023-10-11 19:00:00,2023-10-11 19:01:10,70,True
408,TXN-100408,19,11672.15,Cash,completed,2023-03-14 17:13:00,2023-03-14 17:13:28,28,True
409,TXN-100409,43,43723.99,Bank Transfer,completed,2023-11-14 18:31:00,2023-11-14 18:31:58,58,False
410,TXN-100410,16,4036.25,Cash,completed,2023-02-21 07:32:00,2023-02-21 07:32:09,9,False
411,TXN-100411,40,47927.84,Bank Transfer,failed,2023-03-30 09:54:00,2023-03-30 09:55:20,80,True
412,TXN-100412,9,18293.65,Credit Card,refunded,2023-10-28 23:35:00,2023-10-28 23:36:20,80,True
413,TXN-100413,12,5521.18,Debit Card,failed,2023-07-09 11:50:00,2023-07-09 11:50:53,53,True
414,TXN-100414,35,18170.4,GCash,completed,2023-05-30 07:54:00,2023-05-30 07:55:39,99,False
415,TXN-100415,49,9035.94,GCash,completed,2023-04-22 22:54:00,2023-04-22 22:55:58,118,False
416,TXN-100416,38,40916.47,Cash,completed,2023-06-25 10:12:00,2023-06-25 10:12:37,37,True
417,TXN-100417,25,45121.75,Cash,failed,2023-12-30 14:03:00,2023-12-30 14:03:14,14,False
418,TXN-100418,9,40760.53,Bank Transfer,refunded,2023-05-22 07:37:00,2023-05-22 07:37:26,26,False
419,TXN-100419,6,27358.61,Debit Card,failed,2023-02-25 06:09:00,2023-02-25 06:09:02,2,True
420,TXN-100420,42,47041.74,Credit Card,failed,2023-12-03 20:57:00,2023-12-03 20:58:12,72,True
421,TXN-100421,39,17576.11,Credit Card,completed,2023-11-23 09:49:00,2023-11-23 09:50:36,96,True
422,TXN-100422,9,14940.69,Debit Card,failed,2023-11-06 03:12:00,2023-11-06 03:12:28,28,True
423,TXN-100423,42,48877.95,Maya,completed,2023-09-21 10:25:00,2023-09-21 10:26:50,110,True
424,TXN-100424,39,49094.77,Maya,pending,2023-02-08 15:12:00,2023-02-08 15:13:40,100,True
425,TXN-100425,31,10303.85,Debit Card,completed,2023-01-08 05:30:00,2023-01-08 05:31:19,79,False
426,TXN-100426,34,33685.31,Credit Card,completed,2023-05-30 20:58:00,2023-05-30 20:58:41,41,False
427,TXN-100427,42,7359.63,GCash,completed,2023-07-22 14:38:00,2023-07-22 14:38:17,17,True
428,TXN-100428,27,32113.41,Cash,completed,2023-06-27 02:59:00,2023-06-27 02:59:28,28,True
429,TXN-100429,38,797.59,Maya,pending,2023-05-14 02:16:00,2023-05-14 02:16:46,46,True
430,TXN-100430,33,84.59,Maya,failed,2023-01-23 22:01:00,2023-01-23 22:01:12,12,True
431,TXN-100431,17,5916.03,Credit Card,completed,2023-07-23 21:56:00,2023-07-23 21:57:05,65,True
432,TXN-100432,22,44890.43,Cash,completed,2023-04-26 03:33:00,2023-04-26 03:33:41,41,True
433,TXN-100433,23,43745.83,Maya,completed,2023-04-23 12:16:00,2023-04-23 12:16:03,3,False
434,TXN-100434,15,40401.39,GCash,completed,2023-04-25 22:57:00,2023-04-25 22:58:19,79,True
435,TXN-100435,18,29490.34,Credit Card,completed,2023-09-09 05:43:00,2023-09-09 05:44:45,105,False
436,TXN-100436,3,30248.66,GCash,failed,2023-07-13 09:20:00,2023-07-13 09:20:21,21,True
437,TXN-100437,22,6747.61,Debit Card,completed,2023-11-16 01:51:00,2023-11-16 01:51:37,37,True
438,TXN-100438,47,25624.23,Debit Card,pending,2023-10-16 04:42:00,2023-10-16 04:42:13,13,True
439,TXN-100439,15,29828.75,Cash,pending,2023-04-21 15:14:00,2023-04-21 15:15:43,103,True
440,TXN-100440,23,22409.29,Maya,failed,2023-06-05 20:29:00,2023-06-05 20:30:53,113,True
441,TXN-100441,9,24143.14,Bank Transfer,completed,2023-10-27 05:38:00,2023-10-27 05:38:05,5,False
442,TXN-100442,19,26061.29,Credit Card,completed,2023-02-26 22:47:00,2023-02-26 22:47:54,54,True
443,TXN-100443,10,7088.11,Maya,pending,2023-09-12 09:40:00,2023-09-12 09:40:54,54,False
444,TXN-100444,2,26025.68,GCash,completed,2023-03-16 03:17:00,2023-03-16 03:17:46,46,True
445,TXN-100445,8,46213.59,Credit Card,failed,2023-04-26 03:26:00,2023-04-26 03:26:51,51,True
446,TXN-100446,23,22352.22,GCash,pending,2023-11-18 06:23:00,2023-11-18 06:24:12,72,True
447,TXN-100447,40,39483.7,Debit Card,completed,2023-06-14 04:25:00,2023-06-14 04:26:20,80,True
448,TXN-100448,25,40313.03,GCash,completed,2023-12-17 15:25:00,2023-12-17 15:25:30,30,False
449,TXN-100449,41,22199.39,Debit Card,refunded,2023-03-29 02:52:00,2023-03-29 02:52:52,52,False
450,TXN-100450,42,23459.2,Bank Transfer,completed,2023-01-09 23:01:00,2023-01-09 23:01:56,56,True
451,TXN-100451,41,621.08,Debit Card,completed,2023-03-01 03:39:00,2023-03-01 03:39:16,16,True
452,TXN-100452,48,37927.88,Credit Card,completed,2023-01-19 01:16:00,2023-01-19 01:16:54,54,True
453,TXN-100453,3,25116.13,Credit Card,completed,2023-04-12 19:34:00,2023-04-12 19:35:56,116,True
454,TXN-100454,14,29883.79,Debit Card,completed,2023-12-24 18:20:00,2023-12-24 18:20:03,3,False
455,TXN-100455,16,17969.59,Cash,completed,2023-08-01 07:32:00,2023-08-01 07:32:35,35,True
456,TXN-100456,25,183.41,Debit Card,completed,2023-01-18 21:37:00,2023-01-18 21:37:21,21,True
457,TXN-100457,50,40864.08,Maya,completed,2023-07-07 17:50:00,2023-07-07 17:50:16,16,True
458,TXN-100458,13,19914.63,Maya,refunded,2023-06-05 16:32:00,2023-06-05 16:33:08,68,True
459,TXN-100459,18,43604.33,Debit Card,completed,2023-10-13 00:40:00,2023-10-13 00:41:49,109,True
460,TXN-100460,11,9290.41,Cash,refunded,2023-02-17 19:50:00,2023-02-17 19:51:52,112,True
461,TXN-100461,43,20962.95,Credit Card,pending,2023-07-23 06:31:00,2023-07-23 06:31:29,29,True
462,TXN-100462,50,13027.98,Credit Card,refunded,2023-03-03 16:24:00,2023-03-03 16:25:26,86,True
463,TXN-100463,35,19045.41,GCash,completed,2023-02-25 10:43:00,2023-02-25 10:43:12,12,True
464,TXN-100464,46,4322.8,Maya,failed,2023-12-21 14:53:00,2023-12-21 14:53:37,37,True
465,TXN-100465,21,19649.2,Bank Transfer,completed,2023-05-29 05:54:00,2023-05-29 05:55:22,82,True
466,TXN-100466,14,37795.11,Cash,completed,2023-03-08 01:18:00,2023-03-08 01:18:05,5,True
467,TXN-100467,21,21524.48,Debit Card,pending,2023-11-05 06:34:00,2023-11-05 06:34:35,35,True
468,TXN-100468,17,47793.95,Maya,failed,2023-08-20 02:20:00,2023-08-20 02:21:13,73,True
469,TXN-100469,5,32959.55,Cash,pending,2023-10-01 18:54:00,2023-10-01 18:55:14,74,True
470,TXN-100470,10,14609.83,GCash,pending,2023-11-21 13:13:00,2023-11-21 13:13:03,3,True
471,TXN-100471,17,8725.06,Maya,completed,2023-07-29 10:02:00,2023-07-29 10:02:44,44,False
472,TXN-100472,18,35001.52,Cash,completed,2023-02-24 20:17:00,2023-02-24 20:18:48,108,True
473,TXN-100473,26,45990.04,Bank Transfer,failed,2023-03-26 06:01:00,2023-03-26 06:02:18,78,False
474,TXN-100474,45,44628.44,Credit Card,completed,2023-07-06 00:57:00,2023-07-06 00:59:00,120,False
475,TXN-100475,49,44803.43,GCash,completed,2023-09-01 13:14:00,2023-09-01 13:15:54,114,False
476,TXN-100476,9,13463.34,Bank Transfer,refunded,2023-04-06 21:53:00,2023-04-06 21:54:20,80,True
477,TXN-100477,32,33340.64,Debit Card,completed,2023-08-21 19:15:00,2023-08-21 19:15:04,4,False
478,TXN-100478,15,9861.92,Maya,refunded,2023-08-01 03:51:00,2023-08-01 03:52:21,81,True
479,TXN-100479,37,11499.35,Credit Card,completed,2023-08-15 20:03:00,2023-08-15 20:04:48,108,True
480,TXN-100480,6,32816.21,Cash,completed,2023-05-29 05:00:00,2023-05-29 05:01:47,107,True
481,TXN-100481,29,14051.74,Credit Card,completed,2023-12-29 12:13:00,2023-12-29 12:14:09,69,True
482,TXN-100482,30,10748.04,Cash,completed,2023-06-28 17:09:00,2023-06-28 17:09:15,15,True
483,TXN-100483,5,22590.02,Debit Card,completed,2023-12-21 19:09:00,2023-12-21 19:09:57,57,False
484,TXN-100484,30,6035.34,Maya,refunded,2023-06-30 06:09:00,2023-06-30 06:09:19,19,True
485,TXN-100485,30,32472.84,Maya,failed,2023-10-26 16:23:00,2023-10-26 16:23:10,10,True
486,TXN-100486,37,4760.87,Bank Transfer,completed,2023-10-22 09:59:00,2023-10-22 10:00:11,71,True
487,TXN-100487,39,37926.5,Maya,completed,2023-12-30 23:20:00,2023-12-30 23:20:02,2,True
488,TXN-100488,29,6762.59,Credit Card,completed,2023-11-19 00:54:00,2023-11-19 00:54:27,27,True
489,TXN-100489,7,20789.48,Cash,completed,2023-07-01 13:20:00,2023-07-01 13:21:23,83,True
490,TXN-100490,41,17772.71,GCash,refunded,2023-11-03 15:15:00,2023-11-03 15:15:43,43,True
491,TXN-100491,13,38905.99,Debit Card,completed,2023-07-11 13:22:00,2023-07-11 13:23:09,69,True
492,TXN-100492,31,20283.34,Debit Card,completed,2023-10-06 10:41:00,2023-10-06 10:42:44,104,True
493,TXN-100493,3,14464.31,Cash,pending,2023-01-20 04:07:00,2023-01-20 04:08:06,66,True
494,TXN-100494,17,13574.86,Cash,refunded,2023-01-27 16:21:00,2023-01-27 16:21:09,9,False
495,TXN-100495,6,48728.31,Maya,completed,2023-03-24 22:11:00,2023-03-24 22:12:53,113,False
496,TXN-100496,4,17245.66,Maya,failed,2023-03-29 08:21:00,2023-03-29 08:22:16,76,True
497,TXN-100497,22,25037.47,Debit Card,completed,2023-04-18 04:24:00,2023-04-18 04:24:27,27,False
498,TXN-100498,23,41423.53,Credit Card,failed,2023-05-30 17:14:00,2023-05-30 17:15:52,112,True
499,TXN-100499,46,39419.89,Maya,failed,2023-06-17 19:14:00,2023-06-17 19:15:10,70,True
500,TXN-100500,20,19756.27,GCash,failed,2023-02-01 19:38:00,2023-02-01 19:39:51,111,True
501,TXN-100501,14,11568.75,Cash,completed,2023-06-03 23:06:00,2023-06-03 23:06:26,26,True
502,TXN-100502,29,20864.08,Bank Transfer,completed,2023-01-15 07:17:00,2023-01-15 07:18:18,78,True
503,TXN-100503,24,21840.81,Credit Card,completed,2023-01-23 12:41:00,2023-01-23 12:41:49,49,False
504,TXN-100504,26,24250.22,Debit Card,refunded,2023-10-14 22:21:00,2023-10-14 22:21:36,36,True
505,TXN-100505,23,6633.89,Cash,completed,2023-07-07 12:58:00,2023-07-07 12:59:19,79,True
506,TXN-100506,46,4729.43,Debit Card,completed,2023-05-29 15:25:00,2023-05-29 15:26:18,78,True
507,TXN-100507,14,14610.43,Cash,refunded,2023-03-23 19:18:00,2023-03-23 19:18:43,43,True
508,TXN-100508,7,39478.94,Cash,completed,2023-05-24 12:12:00,2023-05-24 12:13:19,79,True
509,TXN-100509,29,44884.48,Cash,pending,2023-04-30 11:59:00,2023-04-30 12:00:46,106,False
510,TXN-100510,15,29524.5,Debit Card,failed,2023-07-21 00:37:00,2023-07-21 00:37:40,40,False
511,TXN-100511,39,17262.08,GCash,pending,2023-11-22 03:21:00,2023-11-22 03:22:36,96,False
512,TXN-100512,5,14030.97,Bank Transfer,completed,2023-01-21 18:18:00,2023-01-21 18:18:23,23,True
513,TXN-100513,2,9775.01,Debit Card,completed,2023-11-30 23:47:00,2023-11-30 23:48:23,83,True
514,TXN-100514,45,34603.6,GCash,completed,2023-07-21 00:05:00,2023-07-21 00:05:39,39,True
515,TXN-100515,16,16258.76,Cash,completed,2023-11-08 17:41:00,2023-11-08 17:42:26,86,False
516,TXN-100516,36,38828.51,Debit Card,failed,2023-06-02 02:19:00,2023-06-02 02:19:23,23,True
517,TXN-100517,17,17342.15,Debit Card,completed,2023-07-12 21:46:00,2023-07-12 21:46:19,19,True
518,TXN-100518,10,36083.74,GCash,pending,2023-11-27 21:01:00,2023-11-27 21:01:58,58,True
519,TXN-100519,38,19346.48,Bank Transfer,completed,2023-05-18 16:54:00,2023-05-18 16:55:18,78,True
520,TXN-100520,16,43919.13,Maya,failed,2023-07-21 14:22:00,2023-07-21 14:23:54,114,True
521,TXN-100521,50,44495.21,Maya,completed,2023-06-29 05:42:00,2023-06-29 05:42:21,21,True
522,TXN-100522,24,37602.66,Credit Card,completed,2023-12-01 01:51:00,2023-12-01 01:52:06,66,True
523,TXN-100523,17,31349.37,Cash,completed,2023-05-18 04:41:00,2023-05-18 04:41:50,50,False
524,TXN-100524,48,48421.68,Cash,completed,2023-03-04 05:49:00,2023-03-04 05:49:53,53,False
525,TXN-100525,15,46510.37,Cash,pending,2023-09-22 01:03:00,2023-09-22 01:03:28,28,True
526,TXN-100526,39,39126.06,Bank Transfer,refunded,2023-11-15 16:06:00,2023-11-15 16:06:25,25,False
527,TXN-100527,19,5980.75,Bank Transfer,completed,2023-06-30 09:39:00,2023-06-30 09:40:01,61,True
528,TXN-100528,40,38715.85,Maya,completed,2023-01-01 19:22:00,2023-01-01 19:23:49,109,True
529,TXN-100529,37,26339.41,Credit Card,completed,2023-03-22 22:13:00,2023-03-22 22:14:07,67,True
530,TXN-100530,3,28867.33,Debit Card,completed,2023-07-28 20:03:00,2023-07-28 20:04:22,82,True
531,TXN-100531,30,6595.39,Maya,completed,2023-07-17 12:30:00,2023-07-17 12:30:49,49,True
532,TXN-100532,16,48447.07,Cash,completed,2023-01-11 20:27:00,2023-01-11 20:28:11,71,True
533,TXN-100533,21,19087.16,GCash,completed,2023-04-23 20:36:00,2023-04-23 20:37:43,103,False
534,TXN-100534,34,41707.8,GCash,completed,2023-03-30 17:02:00,2023-03-30 17:02:23,23,True
535,TXN-100535,33,20072.92,Debit Card,pending,2023-03-10 13:14:00,2023-03-10 13:14:35,35,True
536,TXN-100536,19,32351.62,Cash,completed,2023-10-16 04:26:00,2023-10-16 04:26:15,15,True
537,TXN-100537,45,10465.32,Debit Card,completed,2023-09-19 02:44:00,2023-09-19 02:45:48,108,True
538,TXN-100538,36,6738.09,GCash,pending,2023-11-09 09:38:00,2023-11-09 09:38:20,20,True
539,TXN-100539,10,23336.44,Credit Card,failed,2023-01-24 14:57:00,2023-01-24 14:57:42,42,True
540,TXN-100540,8,6877.01,Bank Transfer,refunded,2023-04-12 04:07:00,2023-04-12 04:07:59,59,False
541,TXN-100541,48,34891.25,Cash,completed,2023-04-21 00:10:00,2023-04-21 00:10:20,20,True
542,TXN-100542,31,23923.1,Maya,completed,2023-05-03 18:36:00,2023-05-03 18:36:51,51,True
543,TXN-100543,26,32974.78,Debit Card,completed,2023-05-27 05:04:00,2023-05-27 05:05:09,69,True
544,TXN-100544,37,6557.51,Debit Card,failed,2023-06-28 02:44:00,2023-06-28 02:44:03,3,False
545,TXN-100545,49,17384.26,GCash,failed,2023-02-14 23:01:00,2023-02-14 23:01:40,40,True
546,TXN-100546,26,9047.37,Maya,pending,2023-07-02 12:35:00,2023-07-02 12:35:51,51,True
547,TXN-100547,20,42336.46,Bank Transfer,pending,2023-12-14 04:47:00,2023-12-14 04:47:45,45,True
548,TXN-100548,49,40484.88,Debit Card,completed,2023-09-27 02:05:00,2023-09-27 02:06:14,74,True
549,TXN-100549,48,7014.48,Maya,pending,2023-04-06 09:11:00,2023-04-06 09:11:58,58,True
550,TXN-100550,1,42657.09,GCash,pending,2023-05-06 10:04:00,2023-05-06 10:04:55,55,True
551,TXN-100551,37,1966.56,Credit Card,failed,2023-04-12 17:26:00,2023-04-12 17:27:25,85,True
552,TXN-100552,41,9099.91,Bank Transfer,completed,2023-10-10 22:11:00,2023-10-10 22:11:31,31,True
553,TXN-100553,18,7745.08,Maya,completed,2023-11-27 16:48:00,2023-11-27 16:49:06,66,True
554,TXN-100554,41,31076.16,Bank Transfer,refunded,2023-04-28 07:44:00,2023-04-28 07:44:52,52,True
555,TXN-100555,19,4499.93,Cash,completed,2023-04-20 02:48:00,2023-04-20 02:49:16,76,True
556,TXN-100556,29,46731.49,Bank Transfer,completed,2023-10-24 21:03:00,2023-10-24 21:03:29,29,False
557,TXN-100557,14,26759.15,Debit Card,completed,2023-03-15 21:46:00,2023-03-15 21:46:45,45,True
558,TXN-100558,5,27681.31,Debit Card,completed,2023-01-18 19:30:00,2023-01-18 19:31:57,117,True
559,TXN-100559,2,16490.45,Maya,completed,2023-09-27 13:14:00,2023-09-27 13:15:48,108,True
560,TXN-100560,25,4057.69,Cash,failed,2023-04-13 21:30:00,2023-04-13 21:31:22,82,False
561,TXN-100561,4,32548.64,Debit Card,pending,2023-12-10 02:13:00,2023-12-10 02:13:37,37,True
562,TXN-100562,30,3107.69,Cash,completed,2023-02-16 09:17:00,2023-02-16 09:18:45,105,False
563,TXN-100563,32,21482.17,Bank Transfer,completed,2023-02-11 18:42:00,2023-02-11 18:43:42,102,True
564,TXN-100564,26,43478.53,Maya,completed,2023-06-02 15:06:00,2023-06-02 15:07:10,70,True
565,TXN-100565,23,6823.29,Credit Card,completed,2023-06-09 20:23:00,2023-06-09 20:24:26,86,True
566,TXN-100566,35,19472.68,Debit Card,completed,2023-03-07 15:06:00,2023-03-07 15:06:59,59,True
567,TXN-100567,31,41782.3,Cash,completed,2023-06-29 06:53:00,2023-06-29 06:54:17,77,True
568,TXN-100568,35,7410.81,GCash,completed,2023-03-17 21:50:00,2023-03-17 21:50:59,59,True
569,TXN-100569,8,35716.9,Credit Card,completed,2023-10-12 05:57:00,2023-10-12 05:57:41,41,False
570,TXN-100570,24,17227.51,Maya,completed,2023-02-10 03:43:00,2023-02-10 03:44:29,89,True
571,TXN-100571,10,19283.14,Maya,failed,2023-09-17 00:13:00,2023-09-17 00:14:01,61,False
572,TXN-100572,5,27504.23,Cash,completed,2023-02-13 00:05:00,2023-02-13 00:06:54,114,False
573,TXN-100573,5,36331.75,Credit Card,completed,2023-05-04 22:27:00,2023-05-04 22:27:04,4,True
574,TXN-100574,17,26360.71,Cash,refunded,2023-07-12 12:18:00,2023-07-12 12:19:04,64,True
575,TXN-100575,14,4991.95,Cash,completed,2023-08-26 12:59:00,2023-08-26 12:59:34,34,False
576,TXN-100576,20,21803.7,Credit Card,completed,2023-09-23 03:11:00,2023-09-23 03:11:04,4,True
577,TXN-100577,37,26113.29,Bank Transfer,completed,2023-02-25 01:34:00,2023-02-25 01:35:15,75,False
578,TXN-100578,44,27026.54,Debit Card,completed,2023-11-28 14:02:00,2023-11-28 14:04:00,120,True
579,TXN-100579,10,12109.98,GCash,completed,2023-04-03 13:53:00,2023-04-03 13:53:29,29,True
580,TXN-100580,4,2049.26,Debit Card,completed,2023-12-28 23:20:00,2023-12-28 23:21:06,66,True
581,TXN-100581,12,40425.45,Bank Transfer,failed,2023-10-06 01:47:00,2023-10-06 01:48:15,75,True
582,TXN-100582,9,36852.57,Bank Transfer,pending,2023-12-26 22:27:00,2023-12-26 22:28:10,70,True
583,TXN-100583,30,2784.54,Credit Card,refunded,2023-12-26 14:36:00,2023-12-26 14:36:34,34,True
584,TXN-100584,43,24160.6,Credit Card,completed,2023-04-10 20:37:00,2023-04-10 20:37:46,46,True
585,TXN-100585,38,47287.43,GCash,failed,2023-11-29 22:29:00,2023-11-29 22:29:17,17,True
586,TXN-100586,23,31904.42,Debit Card,completed,2023-05-31 08:28:00,2023-05-31 08:28:14,14,True
587,TXN-100587,3,38138.31,Cash,refunded,2023-10-30 20:51:00,2023-10-30 20:51:42,42,False
588,TXN-100588,14,29508.7,Credit Card,completed,2023-08-24 16:11:00,2023-08-24 16:12:14,74,True
589,TXN-100589,4,35178.87,Cash,completed,2023-01-11 01:06:00,2023-01-11 01:06:44,44,False
590,TXN-100590,26,35521.92,Maya,refunded,2023-11-22 04:08:00,2023-11-22 04:08:17,17,True
591,TXN-100591,12,21142.97,GCash,failed,2023-04-30 18:16:00,2023-04-30 18:16:30,30,True
592,TXN-100592,45,26009.51,Maya,completed,2023-07-10 15:46:00,2023-07-10 15:46:26,26,True
593,TXN-100593,21,31120.01,GCash,refunded,2023-06-21 16:54:00,2023-06-21 16:54:39,39,False
594,TXN-100594,15,5335.54,Maya,failed,2023-10-23 18:59:00,2023-10-23 18:59:57,57,False
595,TXN-100595,29,43948.52,Maya,completed,2023-03-11 06:57:00,2023-03-11 06:57:27,27,False
596,TXN-100596,39,15425.83,Maya,pending,2023-09-02 19:23:00,2023-09-02 19:23:43,43,True
597,TXN-100597,21,7268.22,Bank Transfer,completed,2023-02-04 12:32:00,2023-02-04 12:32:22,22,True
598,TXN-100598,19,32555.28,GCash,completed,2023-02-28 01:25:00,2023-02-28 01:25:27,27,True
599,TXN-100599,42,21445.92,Credit Card,pending,2023-12-19 19:23:00,2023-12-19 19:23:44,44,True
600,TXN-100600,49,48285.88,GCash,completed,2023-05-23 18:55:00,2023-05-23 18:55:12,12,True
601,TXN-100601,28,31455.96,Debit Card,failed,2023-04-03 20:01:00,2023-04-03 20:01:11,11,True
602,TXN-100602,42,2262.95,Cash,completed,2023-02-02 20:49:00,2023-02-02 20:50:37,97,True
603,TXN-100603,3,1891.73,Credit Card,completed,2023-10-17 13:13:00,2023-10-17 13:14:38,98,False
604,TXN-100604,40,1924.39,GCash,completed,2023-06-29 10:05:00,2023-06-29 10:05:02,2,True
605,TXN-100605,12,37460.44,Credit Card,completed,2023-12-05 22:26:00,2023-12-05 22:28:00,120,True
606,TXN-100606,16,18888.41,Cash,failed,2023-07-08 03:23:00,2023-07-08 03:23:12,12,True
607,TXN-100607,28,36877.89,Cash,failed,2023-09-30 17:20:00,2023-09-30 17:21:40,100,True
608,TXN-100608,22,4594.36,Bank Transfer,failed,2023-03-08 06:54:00,2023-03-08 06:54:33,33,True
609,TXN-100609,14,62.62,Bank Transfer,refunded,2023-11-22 15:08:00,2023-11-22 15:08:49,49,True
610,TXN-100610,11,35257.36,Credit Card,completed,2023-06-16 19:56:00,2023-06-16 19:57:32,92,True
611,TXN-100611,2,24772.51,Credit Card,pending,2023-03-08 00:07:00,2023-03-08 00:08:58,118,True
612,TXN-100612,50,5690.39,GCash,completed,2023-09-12 07:59:00,2023-09-12 08:00:37,97,True
613,TXN-100613,2,47126.09,Debit Card,refunded,2023-01-27 12:55:00,2023-01-27 12:55:26,26,True
614,TXN-100614,7,3609.31,Cash,completed,2023-11-26 17:58:00,2023-11-26 17:58:33,33,False
615,TXN-100615,20,36643.41,GCash,completed,2023-07-17 02:50:00,2023-07-17 02:50:35,35,False
616,TXN-100616,24,163.85,Debit Card,refunded,2023-03-04 16:18:00,2023-03-04 16:18:45,45,True
617,TXN-100617,12,11217.46,Credit Card,pending,2023-01-17 03:56:00,2023-01-17 03:57:26,86,True
618,TXN-100618,37,40770.29,Bank Transfer,completed,2023-01-25 09:19:00,2023-01-25 09:20:25,85,True
619,TXN-100619,44,16604.47,Debit Card,completed,2023-03-20 05:00:00,2023-03-20 05:01:37,97,True
620,TXN-100620,32,19859.55,Credit Card,pending,2023-03-23 11:19:00,2023-03-23 11:19:30,30,True
621,TXN-100621,8,13251.53,Credit Card,completed,2023-08-09 10:42:00,2023-08-09 10:42:51,51,True
622,TXN-100622,41,36756.48,GCash,pending,2023-07-06 15:52:00,2023-07-06 15:53:04,64,False
623,TXN-100623,37,35771.14,Bank Transfer,completed,2023-04-16 14:20:00,2023-04-16 14:20:05,5,True
624,TXN-100624,47,27088.31,Cash,completed,2023-05-12 05:23:00,2023-05-12 05:23:10,10,True
625,TXN-100625,31,38949.41,Debit Card,failed,2023-04-18 14:01:00,2023-04-18 14:02:07,67,True
626,TXN-100626,49,19587.27,Cash,pending,2023-08-22 02:03:00,2023-08-22 02:03:12,12,True
627,TXN-100627,41,44152.35,Credit Card,completed,2023-01-17 05:03:00,2023-01-17 05:04:32,92,True
628,TXN-100628,23,7730.1,Credit Card,refunded,2023-07-18 15:59:00,2023-07-18 16:00:29,89,False
629,TXN-100629,40,10635.98,GCash,pending,2023-02-15 17:50:00,2023-02-15 17:51:51,111,True
630,TXN-100630,23,5261.77,Cash,completed,2023-12-31 22:50:00,2023-12-31 22:50:55,55,True
631,TXN-100631,33,22659.11,Bank Transfer,completed,2023-09-29 21:39:00,2023-09-29 21:39:01,1,True
632,TXN-100632,25,4806.84,Bank Transfer,completed,2023-02-21 09:44:00,2023-02-21 09:44:09,9,False
633,TXN-100633,30,31932.81,Cash,completed,2023-08-28 16:55:00,2023-08-28 16:56:59,119,True
634,TXN-100634,16,36127.37,Maya,refunded,2023-08-13 10:56:00,2023-08-13 10:56:45,45,True
635,TXN-100635,24,515.67,Cash,completed,2023-01-25 03:23:00,2023-01-25 03:23:18,18,True
636,TXN-100636,41,18384.37,Debit Card,completed,2023-02-06 06:56:00,2023-02-06 06:56:50,50,True
637,TXN-100637,38,27182.86,Debit Card,completed,2023-03-05 21:37:00,2023-03-05 21:37:42,42,True
638,TXN-100638,5,22462.71,Bank Transfer,refunded,2023-06-26 21:08:00,2023-06-26 21:08:18,18,False
639,TXN-100639,6,16308.79,GCash,completed,2023-08-17 01:59:00,2023-08-17 01:59:19,19,True
640,TXN-100640,15,18825.73,Bank Transfer,refunded,2023-11-18 20:38:00,2023-11-18 20:39:03,63,True
641,TXN-100641,50,4787.4,Credit Card,completed,2023-05-09 00:15:00,2023-05-09 00:16:06,66,True
642,TXN-100642,32,29747.03,Bank Transfer,completed,2023-04-01 13:55:00,2023-04-01 13:55:27,27,True
643,TXN-100643,19,20596.93,Debit Card,completed,2023-06-07 15:29:00,2023-06-07 15:29:32,32,True
644,TXN-100644,30,43564.64,Debit Card,completed,2023-04-08 07:31:00,2023-04-08 07:31:41,41,True
645,TXN-100645,43,5616.08,Cash,completed,2023-11-01 06:11:00,2023-11-01 06:12:05,65,True
646,TXN-100646,37,28849.58,Cash,refunded,2023-02-20 13:40:00,2023-02-20 13:40:32,32,False
647,TXN-100647,32,30760.01,Bank Transfer,refunded,2023-06-27 11:52:00,2023-06-27 11:53:02,62,True
648,TXN-100648,17,34622.2,Credit Card,failed,2023-03-08 06:09:00,2023-03-08 06:09:47,47,True
649,TXN-100649,29,41463.32,GCash,pending,2023-02-20 01:18:00,2023-02-20 01:19:47,107,True
650,TXN-100650,5,22267.13,GCash,completed,2023-04-29 07:54:00,2023-04-29 07:55:55,115,True
651,TXN-100651,3,22843.55,Credit Card,pending,2023-11-27 07:16:00,2023-11-27 07:17:10,70,True
652,TXN-100652,4,34571.07,Credit Card,refunded,2023-03-04 03:32:00,2023-03-04 03:33:37,97,True
653,TXN-100653,34,13743.86,Bank Transfer,completed,2023-06-04 02:11:00,2023-06-04 02:11:13,13,True
654,TXN-100654,19,28237.96,GCash,refunded,2023-12-20 14:01:00,2023-12-20 14:02:21,81,False
655,TXN-100655,2,10699.99,Bank Transfer,completed,2023-02-26 08:17:00,2023-02-26 08:17:24,24,True
656,TXN-100656,30,22136.18,Credit Card,completed,2023-10-12 07:39:00,2023-10-12 07:39:25,25,True
657,TXN-100657,49,31273.24,Credit Card,pending,2023-05-10 01:04:00,2023-05-10 01:05:44,104,True
658,TXN-100658,18,4055.83,GCash,completed,2023-11-28 14:16:00,2023-11-28 14:17:59,119,False
659,TXN-100659,5,10818.64,Maya,pending,2023-03-03 13:17:00,2023-03-03 13:18:41,101,True
660,TXN-100660,41,47040.38,Bank Transfer,pending,2023-04-22 03:31:00,2023-04-22 03:31:36,36,True
661,TXN-100661,27,25989.46,Cash,pending,2023-04-26 12:53:00,2023-04-26 12:53:44,44,True
662,TXN-100662,10,40537.47,GCash,completed,2023-12-03 14:43:00,2023-12-03 14:44:53,113,True
663,TXN-100663,17,3015.35,Credit Card,failed,2023-11-26 14:31:00,2023-11-26 14:32:11,71,True
664,TXN-100664,34,30134.27,Maya,refunded,2023-10-03 16:43:00,2023-10-03 16:43:45,45,False
665,TXN-100665,14,38978.27,Bank Transfer,refunded,2023-01-28 19:37:00,2023-01-28 19:38:18,78,True
666,TXN-100666,7,15141.06,Maya,completed,2023-03-23 11:34:00,2023-03-23 11:35:24,84,False
667,TXN-100667,44,21423.53,Maya,completed,2023-09-17 02:02:00,2023-09-17 02:02:31,31,True
668,TXN-100668,6,43104.38,Credit Card,failed,2023-05-04 15:54:00,2023-05-04 15:55:36,96,True
669,TXN-100669,48,2559.56,Debit Card,failed,2023-02-16 10:38:00,2023-02-16 10:39:12,72,True
670,TXN-100670,37,33166.68,GCash,completed,2023-09-05 14:46:00,2023-09-05 14:46:50,50,True
671,TXN-100671,30,26709.86,Debit Card,completed,2023-08-03 13:03:00,2023-08-03 13:04:32,92,True
672,TXN-100672,24,15462.26,Credit Card,failed,2023-03-07 17:26:00,2023-03-07 17:27:58,118,True
673,TXN-100673,27,28351.6,Debit Card,pending,2023-12-05 19:05:00,2023-12-05 19:06:52,112,True
674,TXN-100674,31,21462.17,Credit Card,completed,2023-12-20 03:34:00,2023-12-20 03:34:02,2,True
675,TXN-100675,34,19620.35,Maya,completed,2023-09-13 20:48:00,2023-09-13 20:49:03,63,False
676,TXN-100676,11,27170.82,Bank Transfer,completed,2023-05-18 23:35:00,2023-05-18 23:36:03,63,True
677,TXN-100677,39,40202.96,Debit Card,refunded,2023-03-17 15:49:00,2023-03-17 15:50:33,93,True
678,TXN-100678,29,43527.5,Cash,failed,2023-03-31 14:52:00,2023-03-31 14:52:52,52,True
679,TXN-100679,48,41835.01,Debit Card,completed,2023-09-05 00:56:00,2023-09-05 00:56:46,46,True
680,TXN-100680,8,12095.27,Bank Transfer,failed,2023-05-17 01:13:00,2023-05-17 01:13:07,7,False
681,TXN-100681,4,2363.56,Bank Transfer,pending,2023-04-18 10:48:00,2023-04-18 10:49:15,75,False
682,TXN-100682,17,44268.54,Maya,failed,2023-05-04 03:34:00,2023-05-04 03:34:32,32,True
683,TXN-100683,40,39636.92,Cash,completed,2023-02-06 09:29:00,2023-02-06 09:30:01,61,False
684,TXN-100684,28,28339.44,Bank Transfer,completed,2023-08-14 00:52:00,2023-08-14 00:53:53,113,True
685,TXN-100685,44,42044.78,Debit Card,completed,2023-01-12 07:14:00,2023-01-12 07:15:09,69,True
686,TXN-100686,16,36367.34,Credit Card,failed,2023-10-02 12:53:00,2023-10-02 12:54:52,112,False
687,TXN-100687,9,35178.21,GCash,failed,2023-07-17 14:01:00,2023-07-17 14:01:57,57,True
688,TXN-100688,36,11905.55,Maya,completed,2023-01-13 08:43:00,2023-01-13 08:44:54,114,False
689,TXN-100689,4,2939.19,Maya,completed,2023-10-03 17:24:00,2023-10-03 17:24:29,29,True
690,TXN-100690,11,20543.62,Maya,completed,2023-10-06 12:35:00,2023-10-06 12:36:36,96,False
691,TXN-100691,2,10950.39,Cash,completed,2023-03-16 04:23:00,2023-03-16 04:23:22,22,True
692,TXN-100692,36,6249.57,Maya,refunded,2023-02-02 17:23:00,2023-02-02 17:24:51,111,False
693,TXN-100693,18,45901.34,Credit Card,completed,2023-11-27 17:39:00,2023-11-27 17:39:08,8,True
694,TXN-100694,22,34207.48,Cash,completed,2023-04-22 20:02:00,2023-04-22 20:02:05,5,False
695,TXN-100695,1,10860.13,Debit Card,pending,2023-08-25 04:40:00,2023-08-25 04:40:36,36,True
696,TXN-100696,35,3596.61,GCash,completed,2023-09-09 02:20:00,2023-09-09 02:20:13,13,True
697,TXN-100697,37,7540.64,Cash,failed,2023-09-07 03:13:00,2023-09-07 03:13:58,58,True
698,TXN-100698,24,31485.34,Cash,completed,2023-07-27 11:10:00,2023-07-27 11:10:17,17,True
699,TXN-100699,2,27889.88,Cash,pending,2023-06-15 07:01:00,2023-06-15 07:02:27,87,True
700,TXN-100700,6,19935.31,Maya,failed,2023-05-15 20:00:00,2023-05-15 20:01:11,71,True
701,TXN-100701,16,24351.58,Bank Transfer,completed,2023-11-15 09:05:00,2023-11-15 09:05:23,23,True
702,TXN-100702,26,47321.72,Debit Card,refunded,2023-10-03 05:00:00,2023-10-03 05:01:40,100,True
703,TXN-100703,44,23579.94,GCash,failed,2023-12-02 03:57:00,2023-12-02 03:58:12,72,True
704,TXN-100704,1,5268.66,Debit Card,completed,2023-11-07 23:48:00,2023-11-07 23:49:31,91,False
705,TXN-100705,49,35252.17,Debit Card,completed,2023-01-21 05:16:00,2023-01-21 05:17:00,60,True
706,TXN-100706,20,48898.17,Cash,completed,2023-09-01 06:31:00,2023-09-01 06:32:29,89,True
707,TXN-100707,2,32064.84,Credit Card,refunded,2023-07-06 01:18:00,2023-07-06 01:19:14,74,True
708,TXN-100708,6,24780.07,Debit Card,refunded,2023-11-17 21:21:00,2023-11-17 21:21:21,21,True
709,TXN-100709,21,32521.35,Maya,completed,2023-08-14 13:21:00,2023-08-14 13:21:07,7,True
710,TXN-100710,27,45829.92,Cash,completed,2023-04-22 10:51:00,2023-04-22 10:51:24,24,True
711,TXN-100711,10,29652.26,Debit Card,completed,2023-01-11 12:12:00,2023-01-11 12:13:38,98,True
712,TXN-100712,3,24522.08,Credit Card,completed,2023-07-07 00:06:00,2023-07-07 00:07:44,104,True
713,TXN-100713,30,7891.75,Cash,completed,2023-04-15 16:04:00,2023-04-15 16:04:35,35,True
714,TXN-100714,28,37613.16,Debit Card,completed,2023-09-17 07:26:00,2023-09-17 07:26:06,6,False
715,TXN-100715,43,11065.37,Cash,failed,2023-01-21 12:34:00,2023-01-21 12:35:48,108,True
716,TXN-100716,31,14959.2,GCash,completed,2023-03-18 23:18:00,2023-03-18 23:18:27,27,True
717,TXN-100717,41,30929.5,Debit Card,completed,2023-04-27 12:43:00,2023-04-27 12:44:56,116,True
718,TXN-100718,8,10968.24,Credit Card,completed,2023-05-13 20:09:00,2023-05-13 20:09:58,58,True
719,TXN-100719,18,5853.43,GCash,completed,2023-12-11 20:15:00,2023-12-11 20:15:35,35,True
720,TXN-100720,21,41293.08,GCash,completed,2023-09-24 19:34:00,2023-09-24 19:34:43,43,True
721,TXN-100721,12,42931.37,Cash,pending,2023-12-08 22:53:00,2023-12-08 22:54:41,101,True
722,TXN-100722,17,6598.66,Credit Card,completed,2023-08-24 10:15:00,2023-08-24 10:16:18,78,True
723,TXN-100723,22,36516.62,Credit Card,completed,2023-02-09 10:54:00,2023-02-09 10:55:07,67,True
724,TXN-100724,15,18217.98,GCash,completed,2023-09-20 15:11:00,2023-09-20 15:12:20,80,True
725,TXN-100725,8,22093.27,Credit Card,completed,2023-10-04 19:59:00,2023-10-04 19:59:20,20,True
726,TXN-100726,30,40042.01,Bank Transfer,completed,2023-06-29 16:55:00,2023-06-29 16:56:35,95,True
727,TXN-100727,12,37368.44,Credit Card,completed,2023-04-11 02:12:00,2023-04-11 02:12:21,21,True
728,TXN-100728,21,44994.64,GCash,failed,2023-08-19 02:02:00,2023-08-19 02:03:14,74,True
729,TXN-100729,44,2417.73,Bank Transfer,failed,2023-02-16 07:29:00,2023-02-16 07:29:35,35,True
730,TXN-100730,10,49433.73,Bank Transfer,pending,2023-05-06 21:44:00,2023-05-06 21:44:30,30,False
731,TXN-100731,30,32024.77,GCash,completed,2023-03-19 06:26:00,2023-03-19 06:26:32,32,True
732,TXN-100732,17,33009.36,GCash,completed,2023-12-13 13:44:00,2023-12-13 13:44:29,29,True
733,TXN-100733,14,46411.45,Cash,completed,2023-12-04 07:48:00,2023-12-04 07:49:07,67,True
734,TXN-100734,1,38906.65,GCash,pending,2023-09-28 01:31:00,2023-09-28 01:32:10,70,False
735,TXN-100735,39,36720.85,Maya,completed,2023-06-09 12:39:00,2023-06-09 12:39:55,55,True
736,TXN-100736,35,19692.9,Cash,completed,2023-06-28 00:38:00,2023-06-28 00:39:34,94,False
737,TXN-100737,26,29128.32,Credit Card,completed,2023-05-29 12:28:00,2023-05-29 12:29:31,91,False
738,TXN-100738,19,6774.16,Maya,failed,2023-09-12 08:42:00,2023-09-12 08:43:04,64,True
739,TXN-100739,36,19132.41,Bank Transfer,completed,2023-03-15 21:05:00,2023-03-15 21:05:18,18,True
740,TXN-100740,34,43828.88,GCash,failed,2023-05-03 04:06:00,2023-05-03 04:07:40,100,True
741,TXN-100741,24,6740.42,Bank Transfer,pending,2023-03-14 18:31:00,2023-03-14 18:31:46,46,True
742,TXN-100742,28,2059.96,Maya,completed,2023-02-02 08:52:00,2023-02-02 08:52:59,59,False
743,TXN-100743,6,19557.05,GCash,pending,2023-04-30 09:30:00,2023-04-30 09:31:54,114,False
744,TXN-100744,13,22879.58,GCash,failed,2023-06-22 03:07:00,2023-06-22 03:07:20,20,True
745,TXN-100745,9,42825.18,Credit Card,failed,2023-04-16 20:11:00,2023-04-16 20:13:00,120,True
746,TXN-100746,44,24493.95,Maya,completed,2023-01-01 22:38:00,2023-01-01 22:39:41,101,False
747,TXN-100747,42,40185.91,GCash,completed,2023-01-27 01:24:00,2023-01-27 01:24:28,28,True
748,TXN-100748,50,19062.7,Credit Card,completed,2023-03-21 08:16:00,2023-03-21 08:17:01,61,True
749,TXN-100749,50,41815.67,Bank Transfer,completed,2023-06-08 01:09:00,2023-06-08 01:09:59,59,True
750,TXN-100750,16,32795.11,Bank Transfer,completed,2023-08-21 11:09:00,2023-08-21 11:09:12,12,True
751,TXN-100751,31,28303.59,Bank Transfer,pending,2023-04-27 08:06:00,2023-04-27 08:07:43,103,True
752,TXN-100752,44,18122.9,Bank Transfer,completed,2023-03-31 19:33:00,2023-03-31 19:34:22,82,False
753,TXN-100753,27,5387.52,Bank Transfer,completed,2023-11-05 15:53:00,2023-11-05 15:54:18,78,False
754,TXN-100754,13,14911.2,Cash,completed,2023-04-04 13:31:00,2023-04-04 13:31:48,48,True
755,TXN-100755,44,18142.98,Maya,completed,2023-11-21 00:49:00,2023-11-21 00:49:06,6,True
756,TXN-100756,42,36053.88,Bank Transfer,completed,2023-04-07 03:31:00,2023-04-07 03:31:53,53,False
757,TXN-100757,28,46740.55,Credit Card,completed,2023-04-06 20:07:00,2023-04-06 20:08:51,111,False
758,TXN-100758,22,2045.51,Maya,pending,2023-09-27 21:26:00,2023-09-27 21:26:23,23,True
759,TXN-100759,6,20245.25,GCash,refunded,2023-09-22 03:49:00,2023-09-22 03:49:02,2,True
760,TXN-100760,15,1021.31,Bank Transfer,completed,2023-01-02 20:20:00,2023-01-02 20:20:10,10,True
761,TXN-100761,23,48167.84,Cash,completed,2023-06-25 23:48:00,2023-06-25 23:49:52,112,True
762,TXN-100762,30,33955.34,GCash,completed,2023-09-20 12:43:00,2023-09-20 12:43:53,53,True
763,TXN-100763,26,44070.71,Maya,completed,2023-05-14 16:48:00,2023-05-14 16:49:53,113,True
764,TXN-100764,47,5195.64,Bank Transfer,refunded,2023-12-05 16:30:00,2023-12-05 16:30:49,49,True
765,TXN-100765,21,22577.0,Credit Card,pending,2023-06-04 10:36:00,2023-06-04 10:36:04,4,False
766,TXN-100766,46,20768.83,GCash,completed,2023-05-30 14:48:00,2023-05-30 14:48:41,41,True
767,TXN-100767,6,44253.87,Credit Card,pending,2023-01-15 01:07:00,2023-01-15 01:08:25,85,True
768,TXN-100768,21,864.96,Credit Card,refunded,2023-05-11 00:39:00,2023-05-11 00:39:07,7,True
769,TXN-100769,10,4208.9,Debit Card,completed,2023-02-27 02:13:00,2023-02-27 02:14:13,73,True
770,TXN-100770,31,7378.52,Bank Transfer,pending,2023-09-06 21:22:00,2023-09-06 21:23:48,108,True
771,TXN-100771,30,8166.88,Debit Card,refunded,2023-08-31 10:22:00,2023-08-31 10:23:23,83,True
772,TXN-100772,46,36923.87,Bank Transfer,completed,2023-07-19 06:36:00,2023-07-19 06:37:39,99,False
773,TXN-100773,34,21796.85,GCash,failed,2023-04-21 09:28:00,2023-04-21 09:29:12,72,True
774,TXN-100774,44,32386.03,Debit Card,completed,2023-03-09 03:53:00,2023-03-09 03:54:51,111,False
775,TXN-100775,32,24772.71,Debit Card,refunded,2023-06-10 05:12:00,2023-06-10 05:12:19,19,False
776,TXN-100776,8,21748.53,Debit Card,completed,2023-10-18 14:56:00,2023-10-18 14:57:14,74,True
777,TXN-100777,5,32284.65,Debit Card,completed,2023-12-18 11:47:00,2023-12-18 11:48:12,72,False
778,TXN-100778,37,12201.64,Cash,pending,2023-04-11 09:50:00,2023-04-11 09:50:41,41,True
779,TXN-100779,32,29842.64,Bank Transfer,completed,2023-11-04 03:07:00,2023-11-04 03:07:19,19,False
780,TXN-100780,16,30341.21,Credit Card,refunded,2023-01-27 02:42:00,2023-01-27 02:43:58,118,True
781,TXN-100781,36,37095.23,Debit Card,pending,2023-10-13 13:33:00,2023-10-13 13:34:18,78,True
782,TXN-100782,13,9966.83,GCash,refunded,2023-04-23 19:10:00,2023-04-23 19:10:24,24,False
783,TXN-100783,5,11466.07,GCash,refunded,2023-09-30 19:15:00,2023-09-30 19:16:07,67,True
784,TXN-100784,12,6979.38,Maya,refunded,2023-04-27 16:22:00,2023-04-27 16:23:07,67,False
785,TXN-100785,30,30939.76,Credit Card,completed,2023-03-06 19:57:00,2023-03-06 19:58:31,91,False
786,TXN-100786,24,14840.7,Maya,completed,2023-07-16 21:28:00,2023-07-16 21:29:44,104,True
787,TXN-100787,1,9505.73,Maya,failed,2023-10-31 00:11:00,2023-10-31 00:12:04,64,True
788,TXN-100788,4,35375.77,Bank Transfer,completed,2023-03-01 09:51:00,2023-03-01 09:51:18,18,False
789,TXN-100789,46,16467.12,Cash,completed,2023-10-07 06:11:00,2023-10-07 06:11:43,43,True
790,TXN-100790,8,11205.13,Cash,failed,2023-02-19 00:23:00,2023-02-19 00:23:58,58,True
791,TXN-100791,12,48626.83,Maya,completed,2023-07-09 22:32:00,2023-07-09 22:32:48,48,True
792,TXN-100792,21,41436.25,Cash,pending,2023-08-05 06:47:00,2023-08-05 06:47:13,13,True
793,TXN-100793,7,24363.22,Cash,pending,2023-05-15 04:00:00,2023-05-15 04:01:39,99,True
794,TXN-100794,12,1862.0,Credit Card,pending,2023-02-26 22:46:00,2023-02-26 22:47:21,81,True
795,TXN-100795,3,39379.37,GCash,pending,2023-06-28 04:28:00,2023-06-28 04:29:44,104,True
796,TXN-100796,11,4642.38,Maya,failed,2023-08-06 11:06:00,2023-08-06 11:07:56,116,False
797,TXN-100797,5,19374.93,Bank Transfer,refunded,2023-02-04 01:15:00,2023-02-04 01:15:25,25,False
798,TXN-100798,29,33971.18,Credit Card,pending,2023-08-14 12:12:00,2023-08-14 12:13:27,87,True
799,TXN-100799,8,41159.67,Bank Transfer,completed,2023-11-27 02:57:00,2023-11-27 02:58:34,94,True
800,TXN-100800,12,30678.82,Debit Card,completed,2023-11-28 13:10:00,2023-11-28 13:11:14,74,True
801,TXN-100801,30,34689.98,Maya,pending,2023-09-08 00:19:00,2023-09-08 00:19:41,41,False
802,TXN-100802,45,31637.23,GCash,refunded,2023-01-15 04:24:00,2023-01-15 04:25:23,83,True
803,TXN-100803,13,2331.57,Credit Card,pending,2023-03-13 02:45:00,2023-03-13 02:46:21,81,True
804,TXN-100804,28,25668.33,GCash,completed,2023-07-20 09:43:00,2023-07-20 09:44:05,65,False
805,TXN-100805,32,25946.85,Debit Card,pending,2023-08-05 21:49:00,2023-08-05 21:49:14,14,True
806,TXN-100806,23,30896.24,Cash,pending,2023-03-15 12:11:00,2023-03-15 12:12:43,103,True
807,TXN-100807,11,20944.4,Debit Card,pending,2023-06-11 17:03:00,2023-06-11 17:04:44,104,False
808,TXN-100808,6,8677.06,Cash,completed,2023-05-27 18:27:00,2023-05-27 18:28:03,63,True
809,TXN-100809,41,18859.94,Credit Card,pending,2023-02-16 11:40:00,2023-02-16 11:40:38,38,True
810,TXN-100810,30,45063.57,Cash,refunded,2023-05-27 13:05:00,2023-05-27 13:05:47,47,True
811,TXN-100811,46,44916.67,Maya,completed,2023-07-25 23:46:00,2023-07-25 23:48:00,120,True
812,TXN-100812,22,38574.91,GCash,completed,2023-02-13 06:47:00,2023-02-13 06:48:25,85,False
813,TXN-100813,10,26443.25,Cash,refunded,2023-12-10 12:17:00,2023-12-10 12:17:39,39,True
814,TXN-100814,10,45443.74,Credit Card,completed,2023-12-28 17:36:00,2023-12-28 17:36:09,9,True
815,TXN-100815,24,41309.63,Bank Transfer,completed,2023-03-09 18:40:00,2023-03-09 18:41:33,93,True
816,TXN-100816,37,24761.06,Debit Card,refunded,2023-05-05 18:14:00,2023-05-05 18:14:39,39,True
817,TXN-100817,6,45979.55,Cash,pending,2023-08-15 06:37:00,2023-08-15 06:38:37,97,True
818,TXN-100818,15,14137.62,Credit Card,completed,2023-01-26 13:18:00,2023-01-26 13:19:00,60,False
819,TXN-100819,24,13057.47,GCash,pending,2023-03-02 11:20:00,2023-03-02 11:20:16,16,True
820,TXN-100820,2,28216.78,Debit Card,failed,2023-12-16 01:36:00,2023-12-16 01:37:03,63,True
821,TXN-100821,17,5069.7,Cash,failed,2023-02-17 11:50:00,2023-02-17 11:51:29,89,True
822,TXN-100822,18,34767.24,Debit Card,completed,2023-04-30 16:32:00,2023-04-30 16:33:22,82,True
823,TXN-100823,22,12191.53,Maya,pending,2023-10-15 21:49:00,2023-10-15 21:49:26,26,True
824,TXN-100824,14,22475.27,Maya,pending,2023-02-01 03:12:00,2023-02-01 03:12:59,59,True
825,TXN-100825,5,8995.12,Maya,refunded,2023-06-12 06:21:00,2023-06-12 06:22:42,102,False
826,TXN-100826,49,42203.44,Debit Card,failed,2023-05-21 06:20:00,2023-05-21 06:21:03,63,True
827,TXN-100827,16,38856.39,Debit Card,pending,2023-04-17 12:31:00,2023-04-17 12:32:55,115,True
828,TXN-100828,12,31988.81,Debit Card,completed,2023-05-23 06:48:00,2023-05-23 06:49:34,94,False
829,TXN-100829,14,19548.62,Credit Card,failed,2023-02-10 02:56:00,2023-02-10 02:57:49,109,True
830,TXN-100830,21,27959.37,GCash,pending,2023-12-06 03:38:00,2023-12-06 03:39:13,73,True
831,TXN-100831,44,9482.06,Maya,pending,2023-09-17 01:14:00,2023-09-17 01:15:50,110,True
832,TXN-100832,44,10858.03,Maya,refunded,2023-04-14 15:27:00,2023-04-14 15:27:27,27,True
833,TXN-100833,36,20658.99,GCash,completed,2023-02-20 20:12:00,2023-02-20 20:12:58,58,True
834,TXN-100834,45,25240.68,Credit Card,completed,2023-05-09 17:23:00,2023-05-09 17:23:49,49,True
835,TXN-100835,18,1825.74,Cash,failed,2023-03-21 22:56:00,2023-03-21 22:57:36,96,True
836,TXN-100836,48,6516.28,Debit Card,completed,2023-01-22 23:28:00,2023-01-22 23:29:09,69,True
837,TXN-100837,28,599.11,GCash,completed,2023-08-27 06:21:00,2023-08-27 06:22:02,62,True
838,TXN-100838,25,16650.78,Debit Card,refunded,2023-07-26 19:32:00,2023-07-26 19:32:43,43,False
839,TXN-100839,50,36504.98,Credit Card,refunded,2023-01-08 20:33:00,2023-01-08 20:34:18,78,False
840,TXN-100840,46,8667.29,Debit Card,refunded,2023-06-13 21:16:00,2023-06-13 21:17:59,119,False
841,TXN-100841,12,7698.78,Bank Transfer,completed,2023-12-28 04:19:00,2023-12-28 04:20:00,60,False
842,TXN-100842,46,28526.55,Cash,failed,2023-02-01 02:18:00,2023-02-01 02:19:03,63,True
843,TXN-100843,3,32132.85,Credit Card,failed,2023-02-02 04:08:00,2023-02-02 04:09:44,104,True
844,TXN-100844,28,31587.25,GCash,completed,2023-03-14 03:08:00,2023-03-14 03:08:09,9,True
845,TXN-100845,26,24599.58,Credit Card,completed,2023-02-11 06:23:00,2023-02-11 06:24:31,91,True
846,TXN-100846,29,21594.47,Bank Transfer,completed,2023-02-08 08:24:00,2023-02-08 08:24:57,57,True
847,TXN-100847,46,28592.12,Debit Card,failed,2023-12-03 10:04:00,2023-12-03 10:05:50,110,True
848,TXN-100848,18,26753.03,Credit Card,completed,2023-03-27 22:00:00,2023-03-27 22:00:32,32,False
849,TXN-100849,49,21874.49,Debit Card,pending,2023-03-03 18:12:00,2023-03-03 18:12:33,33,True
850,TXN-100850,16,21869.76,Bank Transfer,refunded,2023-01-09 08:26:00,2023-01-09 08:26:53,53,False
851,TXN-100851,34,44674.28,Debit Card,completed,2023-06-08 00:46:00,2023-06-08 00:47:16,76,True
852,TXN-100852,16,3736.16,Credit Card,completed,2023-03-02 06:18:00,2023-03-02 06:18:28,28,True
853,TXN-100853,29,21395.87,Bank Transfer,completed,2023-02-07 01:46:00,2023-02-07 01:47:47,107,True
854,TXN-100854,5,2198.55,Bank Transfer,completed,2023-03-25 21:08:00,2023-03-25 21:08:05,5,True
855,TXN-100855,48,22573.16,GCash,pending,2023-03-11 12:49:00,2023-03-11 12:49:37,37,False
856,TXN-100856,23,30817.83,Debit Card,pending,2023-01-17 20:48:00,2023-01-17 20:48:54,54,True
857,TXN-100857,16,19147.4,Credit Card,refunded,2023-11-25 18:18:00,2023-11-25 18:19:28,88,False
858,TXN-100858,35,17062.71,Maya,completed,2023-12-03 18:15:00,2023-12-03 18:15:11,11,True
859,TXN-100859,21,7787.84,Maya,failed,2023-04-20 08:05:00,2023-04-20 08:05:57,57,True
860,TXN-100860,43,21495.87,Cash,completed,2023-02-18 23:47:00,2023-02-18 23:47:35,35,False
861,TXN-100861,31,40334.22,Bank Transfer,completed,2023-07-09 04:07:00,2023-07-09 04:07:40,40,True
862,TXN-100862,35,23560.71,Bank Transfer,failed,2023-01-20 03:29:00,2023-01-20 03:30:09,69,False
863,TXN-100863,35,33781.46,Cash,completed,2023-04-05 02:21:00,2023-04-05 02:21:28,28,False
864,TXN-100864,28,9636.67,Cash,completed,2023-12-11 21:44:00,2023-12-11 21:45:25,85,True
865,TXN-100865,41,46060.49,GCash,pending,2023-09-02 14:00:00,2023-09-02 14:01:49,109,False
866,TXN-100866,8,4859.78,GCash,completed,2023-01-26 22:45:00,2023-01-26 22:46:34,94,True
867,TXN-100867,34,9447.43,Bank Transfer,completed,2023-09-05 09:17:00,2023-09-05 09:18:52,112,True
868,TXN-100868,45,20868.57,Maya,failed,2023-10-20 08:08:00,2023-10-20 08:09:45,105,True
869,TXN-100869,15,4364.09,Credit Card,pending,2023-01-12 11:00:00,2023-01-12 11:00:32,32,False
870,TXN-100870,17,36417.02,Maya,completed,2023-12-25 00:44:00,2023-12-25 00:44:44,44,True
871,TXN-100871,8,18917.65,Credit Card,pending,2023-02-04 04:32:00,2023-02-04 04:32:11,11,False
872,TXN-100872,15,9505.04,Credit Card,pending,2023-05-18 16:25:00,2023-05-18 16:26:35,95,True
873,TXN-100873,5,37045.16,Credit Card,completed,2023-10-20 06:20:00,2023-10-20 06:21:12,72,False
874,TXN-100874,10,6775.48,Maya,refunded,2023-02-22 08:22:00,2023-02-22 08:23:34,94,False
875,TXN-100875,24,33171.0,Bank Transfer,completed,2023-10-10 06:44:00,2023-10-10 06:44:03,3,False
876,TXN-100876,3,34354.32,GCash,refunded,2023-03-22 18:59:00,2023-03-22 18:59:21,21,True
877,TXN-100877,10,3447.34,Credit Card,refunded,2023-02-06 17:01:00,2023-02-06 17:01:02,2,True
878,TXN-100878,47,23988.81,Maya,completed,2023-09-20 07:53:00,2023-09-20 07:54:50,110,True
879,TXN-100879,50,22020.45,Debit Card,failed,2023-11-17 12:32:00,2023-11-17 12:32:57,57,True
880,TXN-100880,16,18324.56,GCash,pending,2023-06-28 06:21:00,2023-06-28 06:22:39,99,True
881,TXN-100881,5,16984.81,Cash,completed,2023-01-07 16:17:00,2023-01-07 16:17:54,54,False
882,TXN-100882,37,17098.31,Maya,failed,2023-03-19 15:50:00,2023-03-19 15:51:56,116,True
883,TXN-100883,14,3199.08,Maya,completed,2023-04-04 09:35:00,2023-04-04 09:36:37,97,False
884,TXN-100884,4,5230.25,GCash,refunded,2023-07-19 19:27:00,2023-07-19 19:27:11,11,True
885,TXN-100885,37,25341.42,Cash,completed,2023-09-28 20:18:00,2023-09-28 20:18:56,56,True
886,TXN-100886,38,16558.17,Debit Card,completed,2023-03-30 03:56:00,2023-03-30 03:56:41,41,True
887,TXN-100887,33,14686.99,Cash,failed,2023-11-02 12:14:00,2023-11-02 12:14:53,53,True
888,TXN-100888,40,36464.69,Bank Transfer,refunded,2023-09-08 12:53:00,2023-09-08 12:53:53,53,True
889,TXN-100889,1,6108.08,Maya,pending,2023-10-31 19:39:00,2023-10-31 19:39:19,19,False
890,TXN-100890,41,24682.58,Bank Transfer,completed,2023-10-25 18:05:00,2023-10-25 18:05:21,21,True
891,TXN-100891,45,39438.06,Maya,refunded,2023-10-02 19:18:00,2023-10-02 19:18:44,44,True
892,TXN-100892,22,12422.28,Credit Card,pending,2023-05-14 17:05:00,2023-05-14 17:05:55,55,False
893,TXN-100893,32,44034.85,Maya,refunded,2023-01-12 21:02:00,2023-01-12 21:02:05,5,True
894,TXN-100894,22,37352.22,Debit Card,failed,2023-08-05 12:40:00,2023-08-05 12:41:14,74,True
895,TXN-100895,46,13103.2,Cash,completed,2023-10-04 04:16:00,2023-10-04 04:17:37,97,True
896,TXN-100896,32,49206.06,Credit Card,pending,2023-04-07 10:29:00,2023-04-07 10:30:34,94,False
897,TXN-100897,17,6184.95,GCash,completed,2023-04-16 08:05:00,2023-04-16 08:05:23,23,True
898,TXN-100898,30,41003.34,Credit Card,completed,2023-06-12 07:40:00,2023-06-12 07:41:50,110,False
899,TXN-100899,24,41922.51,Cash,completed,2023-10-02 22:05:00,2023-10-02 22:05:08,8,True
900,TXN-100900,38,2059.23,Cash,failed,2023-07-25 15:33:00,2023-07-25 15:33:29,29,True
901,TXN-100901,4,17284.07,GCash,completed,2023-01-06 12:14:00,2023-01-06 12:14:05,5,True
902,TXN-100902,46,26733.26,Debit Card,completed,2023-08-28 14:35:00,2023-08-28 14:36:49,109,True
903,TXN-100903,23,30524.58,GCash,completed,2023-01-03 20:56:00,2023-01-03 20:56:12,12,True
904,TXN-100904,1,19775.66,Debit Card,failed,2023-01-22 23:01:00,2023-01-22 23:01:25,25,False
905,TXN-100905,9,10646.2,Cash,completed,2023-12-29 00:37:00,2023-12-29 00:37:04,4,True
906,TXN-100906,42,48063.56,Cash,completed,2023-08-03 07:04:00,2023-08-03 07:05:38,98,True
907,TXN-100907,19,567.09,Debit Card,completed,2023-11-14 00:20:00,2023-11-14 00:21:22,82,True
908,TXN-100908,30,43692.48,Cash,failed,2023-10-14 18:40:00,2023-10-14 18:40:22,22,True
909,TXN-100909,7,12117.89,GCash,failed,2023-10-07 09:32:00,2023-10-07 09:33:07,67,True
910,TXN-100910,47,14181.98,GCash,refunded,2023-09-19 00:08:00,2023-09-19 00:09:05,65,True
911,TXN-100911,26,36521.88,Debit Card,refunded,2023-10-12 17:45:00,2023-10-12 17:46:12,72,True
912,TXN-100912,20,23077.8,Bank Transfer,completed,2023-08-03 08:30:00,2023-08-03 08:31:10,70,True
913,TXN-100913,45,28878.86,GCash,refunded,2023-12-08 19:17:00,2023-12-08 19:18:14,74,False
914,TXN-100914,30,2762.41,Cash,failed,2023-03-08 12:48:00,2023-03-08 12:49:45,105,True
915,TXN-100915,23,7110.72,Maya,pending,2023-01-16 17:23:00,2023-01-16 17:24:47,107,True
916,TXN-100916,28,42450.64,GCash,completed,2023-02-11 22:54:00,2023-02-11 22:55:42,102,False
917,TXN-100917,49,46880.99,Bank Transfer,completed,2023-02-15 18:14:00,2023-02-15 18:15:18,78,True
918,TXN-100918,5,40367.3,Debit Card,completed,2023-12-22 19:03:00,2023-12-22 19:03:08,8,True
919,TXN-100919,34,41677.26,Bank Transfer,completed,2023-11-30 22:20:00,2023-11-30 22:21:14,74,True
920,TXN-100920,6,7124.05,Cash,completed,2023-08-04 17:45:00,2023-08-04 17:45:24,24,False
921,TXN-100921,49,2027.63,Debit Card,completed,2023-01-06 16:07:00,2023-01-06 16:07:11,11,True
922,TXN-100922,23,44998.0,Cash,failed,2023-12-05 17:38:00,2023-12-05 17:38:34,34,True
923,TXN-100923,5,27859.47,GCash,refunded,2023-11-18 02:01:00,2023-11-18 02:02:44,104,True
924,TXN-100924,15,4743.33,Credit Card,refunded,2023-11-21 20:41:00,2023-11-21 20:41:33,33,True
925,TXN-100925,36,39072.46,Credit Card,refunded,2023-01-13 22:46:00,2023-01-13 22:47:24,84,True
926,TXN-100926,26,43262.99,Credit Card,refunded,2023-06-09 17:44:00,2023-06-09 17:45:39,99,True
927,TXN-100927,17,36588.95,Bank Transfer,completed,2023-12-14 09:01:00,2023-12-14 09:01:41,41,True
928,TXN-100928,41,24548.92,Bank Transfer,completed,2023-07-28 19:11:00,2023-07-28 19:11:38,38,False
929,TXN-100929,11,47303.36,Cash,failed,2023-09-09 23:46:00,2023-09-09 23:47:58,118,True
930,TXN-100930,29,1604.69,Debit Card,completed,2023-07-16 00:56:00,2023-07-16 00:57:49,109,True
931,TXN-100931,8,49801.34,Bank Transfer,refunded,2023-06-22 20:23:00,2023-06-22 20:23:26,26,True
932,TXN-100932,19,11604.72,Cash,pending,2023-12-09 17:58:00,2023-12-09 17:59:36,96,True
933,TXN-100933,49,4260.23,Bank Transfer,refunded,2023-04-15 07:17:00,2023-04-15 07:18:21,81,True
934,TXN-100934,25,18446.79,Cash,completed,2023-09-07 08:35:00,2023-09-07 08:35:47,47,True
935,TXN-100935,48,22192.78,Bank Transfer,failed,2023-01-08 05:35:00,2023-01-08 05:35:51,51,True
936,TXN-100936,33,14487.52,Debit Card,pending,2023-03-23 10:28:00,2023-03-23 10:29:17,77,True
937,TXN-100937,10,39810.9,Debit Card,completed,2023-03-23 09:12:00,2023-03-23 09:13:34,94,True
938,TXN-100938,32,43583.09,Cash,completed,2023-03-17 11:06:00,2023-03-17 11:06:02,2,True
939,TXN-100939,36,5802.54,Bank Transfer,completed,2023-10-29 03:40:00,2023-10-29 03:40:42,42,False
940,TXN-100940,35,29552.29,Debit Card,completed,2023-03-19 14:44:00,2023-03-19 14:45:10,70,True
941,TXN-100941,2,31768.51,Debit Card,completed,2023-07-04 09:33:00,2023-07-04 09:34:47,107,True
942,TXN-100942,6,5726.14,GCash,completed,2023-10-01 05:09:00,2023-10-01 05:10:57,117,False
943,TXN-100943,7,35399.71,Maya,refunded,2023-05-31 07:38:00,2023-05-31 07:39:55,115,True
944,TXN-100944,48,31241.52,Debit Card,completed,2023-07-05 20:31:00,2023-07-05 20:32:15,75,False
945,TXN-100945,37,4530.23,Bank Transfer,completed,2023-05-15 05:13:00,2023-05-15 05:14:51,111,True
946,TXN-100946,7,19992.54,Cash,completed,2023-06-15 03:14:00,2023-06-15 03:14:18,18,True
947,TXN-100947,43,7598.03,Credit Card,completed,2023-06-09 07:05:00,2023-06-09 07:05:55,55,True
948,TXN-100948,47,27458.91,Maya,completed,2023-05-05 00:49:00,2023-05-05 00:49:33,33,True
949,TXN-100949,39,45556.72,Debit Card,refunded,2023-06-12 22:39:00,2023-06-12 22:40:10,70,True
950,TXN-100950,6,3448.63,Maya,completed,2023-05-03 21:20:00,2023-05-03 21:20:25,25,True
951,TXN-100951,2,22793.15,Bank Transfer,completed,2023-04-18 09:13:00,2023-04-18 09:14:49,109,False
952,TXN-100952,9,5444.21,Maya,refunded,2023-07-03 19:16:00,2023-07-03 19:16:12,12,False
953,TXN-100953,45,18945.24,Debit Card,failed,2023-07-22 00:14:00,2023-07-22 00:15:19,79,False
954,TXN-100954,35,32250.83,Credit Card,completed,2023-05-23 01:34:00,2023-05-23 01:35:08,68,True
955,TXN-100955,15,8818.22,Cash,refunded,2023-12-01 18:45:00,2023-12-01 18:46:22,82,True
956,TXN-100956,1,9251.55,Cash,completed,2023-07-14 03:09:00,2023-07-14 03:09:27,27,False
957,TXN-100957,48,10680.78,Bank Transfer,failed,2023-07-15 16:14:00,2023-07-15 16:15:43,103,False
958,TXN-100958,14,21002.83,Credit Card,completed,2023-06-07 11:51:00,2023-06-07 11:51:25,25,True
959,TXN-100959,1,30989.98,Debit Card,refunded,2023-03-18 19:29:00,2023-03-18 19:30:58,118,True
960,TXN-100960,22,28951.68,GCash,completed,2023-08-13 09:57:00,2023-08-13 09:58:18,78,True
961,TXN-100961,12,28928.31,GCash,refunded,2023-10-30 04:37:00,2023-10-30 04:38:59,119,True
962,TXN-100962,17,13871.95,Bank Transfer,failed,2023-07-15 22:57:00,2023-07-15 22:57:27,27,True
963,TXN-100963,19,29685.53,GCash,completed,2023-08-08 07:41:00,2023-08-08 07:42:49,109,True
964,TXN-100964,45,19716.66,Debit Card,completed,2023-07-30 05:17:00,2023-07-30 05:18:10,70,True
965,TXN-100965,11,9873.49,GCash,completed,2023-10-24 10:17:00,2023-10-24 10:18:44,104,False
966,TXN-100966,20,38560.37,Debit Card,completed,2023-12-30 04:10:00,2023-12-30 04:11:33,93,True
967,TXN-100967,9,25229.85,Bank Transfer,refunded,2023-12-05 05:13:00,2023-12-05 05:14:08,68,True
968,TXN-100968,6,36849.24,Credit Card,completed,2023-06-27 15:46:00,2023-06-27 15:46:04,4,False
969,TXN-100969,39,46003.2,Cash,failed,2023-10-11 11:39:00,2023-10-11 11:40:48,108,False
970,TXN-100970,48,12369.78,Debit Card,completed,2023-08-14 08:51:00,2023-08-14 08:52:59,119,False
971,TXN-100971,28,24277.52,Credit Card,completed,2023-05-03 11:45:00,2023-05-03 11:46:43,103,False
972,TXN-100972,35,26819.15,Credit Card,pending,2023-05-09 23:38:00,2023-05-09 23:38:44,44,True
973,TXN-100973,3,592.38,Bank Transfer,completed,2023-05-15 08:37:00,2023-05-15 08:38:14,74,True
974,TXN-100974,8,819.17,Debit Card,pending,2023-04-27 16:24:00,2023-04-27 16:24:45,45,True
975,TXN-100975,45,43751.01,Credit Card,pending,2023-10-10 09:38:00,2023-10-10 09:38:27,27,True
976,TXN-100976,34,47822.65,GCash,refunded,2023-11-04 20:31:00,2023-11-04 20:31:37,37,True
977,TXN-100977,35,31489.72,Credit Card,completed,2023-10-14 04:17:00,2023-10-14 04:17:14,14,True
978,TXN-100978,26,39538.51,GCash,completed,2023-01-19 09:11:00,2023-01-19 09:12:31,91,True
979,TXN-100979,2,1810.49,Maya,completed,2023-05-22 05:43:00,2023-05-22 05:43:31,31,True
980,TXN-100980,45,3561.03,GCash,failed,2023-10-24 03:07:00,2023-10-24 03:08:30,90,False
981,TXN-100981,4,3486.16,GCash,refunded,2023-11-11 21:26:00,2023-11-11 21:27:46,106,True
982,TXN-100982,5,30859.97,Credit Card,completed,2023-06-09 16:12:00,2023-06-09 16:13:31,91,True
983,TXN-100983,8,43761.19,Credit Card,completed,2023-03-12 19:54:00,2023-03-12 19:55:25,85,True
984,TXN-100984,22,36277.87,Cash,completed,2023-03-29 06:54:00,2023-03-29 06:55:10,70,True
985,TXN-100985,45,44512.29,Bank Transfer,pending,2023-06-07 23:42:00,2023-06-07 23:42:05,5,True
986,TXN-100986,41,34287.11,Credit Card,completed,2023-10-14 17:29:00,2023-10-14 17:30:08,68,False
987,TXN-100987,33,1167.81,Debit Card,completed,2023-03-14 07:26:00,2023-03-14 07:27:40,100,True
988,TXN-100988,32,4591.51,Debit Card,completed,2023-09-18 00:21:00,2023-09-18 00:21:53,53,True
989,TXN-100989,16,33076.44,Cash,refunded,2023-10-05 10:11:00,2023-10-05 10:11:46,46,True
990,TXN-100990,48,11017.16,Credit Card,completed,2023-04-08 00:41:00,2023-04-08 00:41:27,27,True
991,TXN-100991,18,10548.82,GCash,failed,2023-04-11 07:50:00,2023-04-11 07:50:44,44,False
992,TXN-100992,11,29954.52,Bank Transfer,completed,2023-03-11 19:56:00,2023-03-11 19:57:33,93,True
993,TXN-100993,8,32662.71,GCash,completed,2023-10-14 07:42:00,2023-10-14 07:43:49,109,False
994,TXN-100994,33,8057.43,Bank Transfer,failed,2023-06-11 07:27:00,2023-06-11 07:28:27,87,False
995,TXN-100995,25,7068.35,Maya,completed,2023-12-18 13:56:00,2023-12-18 13:57:22,82,True
996,TXN-100996,28,36274.16,Debit Card,completed,2023-06-15 17:50:00,2023-06-15 17:50:54,54,False
997,TXN-100997,39,34798.2,Credit Card,completed,2023-01-23 03:52:00,2023-01-23 03:53:37,97,True
998,TXN-100998,23,4259.51,Maya,completed,2023-11-03 17:31:00,2023-11-03 17:32:03,63,True
999,TXN-100999,43,13921.8,Debit Card,completed,2023-07-02 02:07:00,2023-07-02 02:08:22,82,True
1000,TXN-101000,32,26208.16,Debit Card,completed,2023-07-19 01:47:00,2023-07-19 01:48:25,85,True
