loan_id,loan_code,borrower_id,loan_type,loan_amount,interest_rate,term_months,monthly_payment,amount_paid,status,start_date,end_date
1,LN-10001,2,Education,2514710.01,15.67,6,438480.87,2352221.18,paid,2020-02-24,2020-08-22
2,LN-10002,14,Personal,4900318.27,21.22,240,87963.94,3161653.73,active,2020-09-09,2040-05-27
3,LN-10003,22,Education,1622057.96,4.29,6,273735.72,752906.19,restructured,2020-05-13,2020-11-09
4,LN-10004,17,Housing,1209790.15,7.16,48,29059.82,870106.71,defaulted,2021-08-27,2025-08-06
5,LN-10005,46,Auto,4234977.65,17.66,60,106758.84,454040.74,defaulted,2019-01-17,2023-12-22
6,LN-10006,36,Auto,4641747.12,23.97,6,828601.76,4217926.88,active,2022-11-30,2023-05-29
7,LN-10007,67,Housing,3876878.12,9.1,12,339218.53,3498234.04,defaulted,2020-03-16,2021-03-11
8,LN-10008,64,Education,2325475.26,17.94,48,68237.95,634842.1,active,2019-07-28,2023-07-07
9,LN-10009,51,Housing,2091209.23,4.76,12,178793.24,424953.94,restructured,2020-12-25,2021-12-20
10,LN-10010,6,Business,3603030.41,16.65,6,630001.92,3356602.35,restructured,2019-03-04,2019-08-31
11,LN-10011,21,Education,229056.99,21.72,48,7181.91,117095.86,active,2019-04-28,2023-04-07
12,LN-10012,44,Housing,2157569.6,17.32,12,197108.4,803996.36,restructured,2019-02-19,2020-02-14
13,LN-10013,11,Business,4306322.03,11.59,240,46191.23,720160.81,active,2021-04-12,2040-12-28
14,LN-10014,38,Housing,149302.82,19.64,240,2494.27,69963.52,defaulted,2020-08-03,2040-04-20
15,LN-10015,52,Personal,435979.52,22.16,120,9059.1,266026.13,active,2022-02-05,2031-12-15
16,LN-10016,28,Personal,4020960.37,17.24,36,143838.94,2526251.42,active,2020-12-18,2023-12-03
17,LN-10017,10,Auto,4328267.54,7.41,36,134457.2,2962010.33,active,2022-04-02,2025-03-17
18,LN-10018,38,Education,4395843.25,16.29,6,767841.22,3935159.68,active,2020-07-12,2021-01-08
19,LN-10019,74,Education,1054826.13,3.96,240,6369.83,322005.71,active,2021-08-25,2041-05-12
20,LN-10020,56,Housing,3853743.84,9.49,24,176924.96,1564077.45,active,2022-06-24,2024-06-13
21,LN-10021,15,Education,418725.24,7.78,24,18895.82,394369.34,active,2021-12-19,2023-12-09
22,LN-10022,5,Housing,2481341.66,15.93,60,60249.16,294033.58,active,2020-11-01,2025-10-06
23,LN-10023,83,Business,1229995.8,17.76,48,35977.05,14900.07,active,2019-09-11,2023-08-21
24,LN-10024,11,Personal,2828941.74,7.64,36,88179.69,1272585.19,active,2019-12-08,2022-11-22
25,LN-10025,41,Housing,4150268.04,16.37,12,377284.44,2403959.74,restructured,2020-02-20,2021-02-14
26,LN-10026,12,Auto,1513768.16,4.0,60,27878.34,845508.8,paid,2019-02-27,2024-02-01
27,LN-10027,17,Business,1799289.6,22.32,24,93628.4,270134.91,active,2022-09-19,2024-09-08
28,LN-10028,86,Business,2198607.94,10.08,240,21333.71,1064873.65,defaulted,2019-01-07,2038-09-24
29,LN-10029,27,Business,1646018.29,14.26,240,20780.13,677440.68,defaulted,2020-06-17,2040-03-04
30,LN-10030,77,Business,1098268.69,21.07,240,19584.15,843309.12,restructured,2022-05-12,2042-01-27
31,LN-10031,67,Personal,1016304.17,21.8,12,95022.56,590316.86,active,2021-08-03,2022-07-29
32,LN-10032,68,Auto,3737772.81,9.55,6,640428.84,1025461.3,active,2022-01-23,2022-07-22
33,LN-10033,94,Personal,1318269.61,9.5,240,12288.0,1135406.92,active,2021-06-09,2041-02-24
34,LN-10034,21,Business,2917598.52,10.77,48,75081.39,1839994.59,active,2020-01-16,2023-12-26
35,LN-10035,56,Auto,653402.02,8.13,24,29590.36,633444.86,defaulted,2019-03-26,2021-03-15
36,LN-10036,73,Business,781379.69,11.41,12,69209.16,646931.13,active,2022-07-07,2023-07-02
37,LN-10037,44,Personal,177115.82,12.47,60,3982.04,125950.28,paid,2020-11-25,2025-10-30
38,LN-10038,1,Business,4240724.72,20.94,48,131180.17,961800.73,paid,2020-12-31,2024-12-10
39,LN-10039,7,Auto,4251879.66,22.63,12,399242.35,3530255.36,active,2020-01-26,2021-01-20
40,LN-10040,95,Business,186358.48,8.89,60,3858.55,38083.18,active,2021-11-21,2026-10-26
41,LN-10041,62,Personal,1774388.89,6.5,6,301363.3,983087.71,active,2020-08-07,2021-02-03
42,LN-10042,55,Business,2085771.77,8.6,48,51509.27,1749955.7,restructured,2022-04-08,2026-03-18
43,LN-10043,64,Housing,815559.47,13.29,36,27593.48,126585.31,paid,2021-06-02,2024-05-17
44,LN-10044,73,Housing,4078407.92,17.45,36,146321.4,2698256.68,paid,2021-10-22,2024-10-06
45,LN-10045,76,Business,2245699.13,16.08,6,392031.77,2143116.72,defaulted,2020-09-05,2021-03-04
46,LN-10046,51,Housing,2670813.4,17.21,60,66678.54,495787.31,active,2019-05-28,2024-05-01
47,LN-10047,42,Housing,2635006.67,21.25,36,99612.6,1249809.2,paid,2022-01-02,2024-12-17
48,LN-10048,39,Personal,3713364.61,19.43,24,187962.27,3478719.94,paid,2019-05-19,2021-05-08
49,LN-10049,56,Business,4229430.13,10.94,120,58116.85,3216894.19,active,2020-08-27,2030-07-06
50,LN-10050,71,Auto,1502942.85,3.62,6,253141.88,185020.38,restructured,2020-12-30,2021-06-28
51,LN-10051,43,Housing,2813186.3,19.67,12,260154.02,2521897.05,paid,2022-01-17,2023-01-12
52,LN-10052,93,Housing,1603608.05,9.94,60,34024.61,906117.68,restructured,2019-08-06,2024-07-10
53,LN-10053,60,Personal,2167606.3,11.93,60,48140.56,1049301.9,restructured,2022-10-31,2027-10-05
54,LN-10054,90,Housing,1788183.47,9.79,60,37809.11,282533.51,active,2021-10-07,2026-09-11
55,LN-10055,39,Education,3443594.56,18.88,6,605948.06,2435012.91,defaulted,2021-03-13,2021-09-09
56,LN-10056,96,Housing,1749191.42,22.53,120,36788.54,512248.34,active,2021-12-24,2031-11-02
57,LN-10057,55,Business,1118148.76,6.72,120,12821.87,636898.14,defaulted,2023-01-08,2032-11-16
58,LN-10058,71,Auto,2417564.28,9.88,6,414617.74,1375666.75,active,2019-01-23,2019-07-22
59,LN-10059,69,Business,3834620.33,18.99,36,140542.53,2076450.89,active,2019-04-07,2022-03-22
60,LN-10060,20,Personal,1919327.53,18.6,6,337464.24,920322.73,active,2021-10-09,2022-04-07
61,LN-10061,34,Education,4984678.23,5.94,36,151508.09,556711.79,defaulted,2020-01-23,2023-01-07
62,LN-10062,39,Auto,420634.28,15.51,120,6918.27,271168.61,active,2022-02-09,2031-12-19
63,LN-10063,28,Personal,2421758.64,10.26,12,213204.02,2112226.5,defaulted,2022-05-14,2023-05-09
64,LN-10064,49,Auto,3941569.72,15.66,36,137913.18,1590287.54,active,2020-07-31,2023-07-16
65,LN-10065,65,Auto,1219185.96,18.06,240,18872.15,656240.23,paid,2021-03-13,2040-11-28
66,LN-10066,32,Housing,2744127.99,15.22,120,44642.81,691875.33,paid,2020-03-25,2030-02-01
67,LN-10067,96,Business,4042971.09,21.82,12,378049.22,2815244.3,active,2023-01-23,2024-01-18
68,LN-10068,54,Personal,4190465.92,20.35,12,388884.03,2740739.07,active,2020-03-14,2021-03-09
69,LN-10069,24,Education,3194549.46,18.83,60,82569.84,266248.31,paid,2020-05-14,2025-04-18
70,LN-10070,38,Auto,3865873.24,9.33,6,661958.71,3701367.35,active,2021-12-24,2022-06-22
71,LN-10071,63,Personal,69059.14,6.0,6,11712.12,3507.26,restructured,2021-08-09,2022-02-05
72,LN-10072,84,Housing,891971.82,13.78,120,13731.58,640231.07,defaulted,2020-12-29,2030-11-07
73,LN-10073,13,Business,1753760.32,18.82,48,52271.21,577608.62,restructured,2022-05-22,2026-05-01
74,LN-10074,25,Housing,4535665.64,11.99,12,402967.18,4249359.47,active,2022-02-27,2023-02-22
75,LN-10075,37,Personal,2790420.84,20.62,24,142867.3,163927.95,active,2020-02-16,2022-02-05
76,LN-10076,37,Education,2245428.78,10.55,48,57544.8,1566932.59,defaulted,2019-01-14,2022-12-24
77,LN-10077,76,Personal,2783591.8,17.65,36,100145.45,1453652.25,paid,2021-09-17,2024-09-01
78,LN-10078,8,Business,4339580.96,15.77,240,59627.1,313547.56,active,2020-06-02,2040-02-18
79,LN-10079,59,Personal,4733537.62,20.71,24,242562.19,3418963.2,restructured,2021-08-03,2023-07-24
80,LN-10080,27,Personal,4133852.38,16.52,48,118258.38,1715844.5,active,2021-05-19,2025-04-28
81,LN-10081,34,Housing,3528105.39,12.51,24,166921.69,2351385.87,active,2021-05-21,2023-05-11
82,LN-10082,38,Auto,702482.48,16.38,24,34523.41,459018.1,restructured,2019-12-05,2021-11-24
83,LN-10083,92,Housing,227518.86,3.96,60,4186.0,162555.58,active,2021-04-09,2026-03-14
84,LN-10084,37,Auto,2238860.01,5.02,240,14800.23,336427.13,active,2023-01-07,2042-09-24
85,LN-10085,61,Personal,3666684.52,17.8,48,107326.03,937797.37,active,2019-08-10,2023-07-20
86,LN-10086,32,Education,1879236.62,17.51,6,329394.87,1562139.35,restructured,2021-07-21,2022-01-17
87,LN-10087,51,Auto,3314938.38,20.84,6,586553.65,2817893.53,defaulted,2020-01-28,2020-07-26
88,LN-10088,95,Housing,1226675.55,20.68,6,216952.98,731771.44,active,2019-12-16,2020-06-13
89,LN-10089,23,Auto,4616771.85,8.91,120,58258.68,3907424.76,paid,2022-12-14,2032-10-22
90,LN-10090,69,Personal,89502.69,16.08,6,15624.49,57560.37,active,2022-11-02,2023-05-01
91,LN-10091,26,Personal,1768295.64,8.4,48,43502.05,1517985.64,defaulted,2022-03-15,2026-02-22
92,LN-10092,88,Housing,372477.08,8.65,24,16956.77,337728.26,paid,2019-04-28,2021-04-17
93,LN-10093,22,Housing,4671950.59,9.47,6,800306.51,4121676.34,defaulted,2019-05-25,2019-11-21
94,LN-10094,21,Business,2025994.74,8.1,240,17072.54,382999.29,active,2020-02-15,2039-11-02
95,LN-10095,16,Personal,2622938.06,10.97,6,451249.59,2248540.81,active,2019-08-13,2020-02-09
96,LN-10096,64,Education,3569561.7,23.39,60,101429.07,3129630.57,defaulted,2023-01-17,2027-12-22
97,LN-10097,63,Business,4227279.85,9.19,24,193490.91,1125791.76,active,2022-03-21,2024-03-10
98,LN-10098,14,Education,3534626.76,12.91,6,611484.49,3104977.66,restructured,2019-02-14,2019-08-13
99,LN-10099,43,Personal,3868406.16,22.21,36,148156.78,262698.18,active,2019-05-22,2022-05-06
100,LN-10100,66,Business,4357411.24,13.21,24,207589.34,1105756.21,active,2020-04-11,2022-04-01
101,LN-10101,92,Education,3410227.81,22.79,24,178249.56,124354.69,paid,2021-05-03,2023-04-23
102,LN-10102,80,Auto,1311677.14,14.97,48,36485.01,765462.55,paid,2019-11-13,2023-10-23
103,LN-10103,50,Personal,1278232.48,6.5,36,39176.55,221929.81,defaulted,2022-03-27,2025-03-11
104,LN-10104,93,Auto,800199.71,17.38,48,23247.41,778437.89,active,2021-06-01,2025-05-11
105,LN-10105,9,Housing,839570.22,10.71,240,8500.86,354436.88,active,2019-10-21,2039-07-08
106,LN-10106,90,Personal,939160.79,23.74,240,18749.99,479494.98,paid,2020-09-29,2040-06-16
107,LN-10107,36,Auto,2042841.56,18.52,240,32347.26,769602.98,restructured,2022-04-25,2042-01-10
108,LN-10108,77,Education,420214.14,14.81,12,37890.15,155841.91,defaulted,2021-01-15,2022-01-10
109,LN-10109,10,Housing,2820092.38,15.88,36,98979.09,969199.91,paid,2021-09-15,2024-08-30
110,LN-10110,65,Personal,596120.15,14.51,48,16442.78,553160.82,active,2020-08-22,2024-08-01
111,LN-10111,59,Business,924570.77,8.45,6,157915.14,292872.02,paid,2022-06-02,2022-11-29
112,LN-10112,67,Business,3416796.76,7.72,120,40951.38,860455.46,defaulted,2020-05-17,2030-03-26
113,LN-10113,23,Personal,4382072.18,11.19,6,754366.37,469366.38,active,2022-01-11,2022-07-10
114,LN-10114,25,Auto,2963653.28,15.06,24,143782.11,2772246.11,restructured,2021-05-04,2023-04-24
115,LN-10115,59,Business,2397732.99,9.06,6,410248.37,7086.52,paid,2019-02-08,2019-08-07
116,LN-10116,13,Personal,4610349.6,11.77,60,102019.64,597789.73,active,2020-07-21,2025-06-25
117,LN-10117,59,Personal,4722795.98,12.99,240,55297.49,333771.62,active,2022-10-23,2042-07-10
118,LN-10118,71,Auto,4722634.57,12.05,12,419710.83,2646417.98,defaulted,2021-08-16,2022-08-11
119,LN-10119,23,Education,620869.32,18.87,12,57178.68,502770.88,restructured,2022-10-21,2023-10-16
120,LN-10120,28,Housing,3829796.82,8.32,24,173770.82,2876332.36,active,2022-01-12,2024-01-02
121,LN-10121,51,Personal,2683835.74,19.24,12,247640.63,60958.14,defaulted,2022-11-28,2023-11-23
122,LN-10122,69,Education,2548558.68,10.12,48,64785.0,1173654.56,restructured,2022-05-18,2026-04-27
123,LN-10123,76,Auto,3486554.76,15.23,240,46504.2,1112865.69,restructured,2022-01-13,2041-09-30
124,LN-10124,30,Education,219768.05,22.66,60,6152.51,55530.67,restructured,2020-11-10,2025-10-15
125,LN-10125,55,Personal,1446159.02,6.48,48,34282.25,463599.98,active,2021-11-19,2025-10-29
126,LN-10126,69,Housing,2893894.96,10.47,6,497151.17,2797985.75,active,2022-05-16,2022-11-12
127,LN-10127,38,Auto,1600153.58,9.28,60,33434.43,1369667.18,active,2022-09-06,2027-08-11
128,LN-10128,41,Housing,2719333.23,14.67,120,43324.43,1585869.02,active,2019-10-03,2029-08-11
129,LN-10129,80,Business,4132365.08,11.15,6,711298.13,210964.43,active,2020-04-25,2020-10-22
130,LN-10130,83,Personal,4182640.97,18.73,240,66910.32,2357556.38,active,2019-05-07,2039-01-22
131,LN-10131,99,Housing,1567141.39,18.95,36,57405.56,1475090.0,paid,2019-02-06,2022-01-21
132,LN-10132,60,Auto,3869658.51,17.96,120,69625.9,966269.34,active,2019-03-04,2029-01-10
133,LN-10133,15,Personal,1323378.81,16.79,24,65297.39,460785.4,restructured,2021-12-15,2023-12-05
134,LN-10134,78,Business,4546046.21,13.5,60,104603.82,4123588.98,active,2021-11-09,2026-10-14
135,LN-10135,45,Personal,2480245.79,21.8,48,77873.76,1716159.59,active,2022-03-29,2026-03-08
136,LN-10136,18,Business,1416748.09,11.07,48,36664.77,670084.84,active,2023-02-06,2027-01-16
137,LN-10137,27,Personal,4978964.29,16.23,48,141692.43,4164110.76,active,2020-09-16,2024-08-26
138,LN-10138,13,Personal,4579718.94,8.4,24,207964.78,3070698.91,active,2021-06-25,2023-06-15
139,LN-10139,59,Auto,2882478.73,4.62,48,65886.41,1176296.64,paid,2021-10-19,2025-09-28
140,LN-10140,3,Business,541452.3,11.17,120,7510.7,247786.37,restructured,2021-10-19,2031-08-28
141,LN-10141,29,Auto,4090058.87,22.75,240,78405.28,2520590.05,active,2019-12-09,2039-08-26
142,LN-10142,15,Education,1483526.57,22.49,240,28130.2,403369.92,restructured,2021-04-19,2041-01-04
143,LN-10143,91,Business,4087543.18,16.4,48,116681.21,2215050.96,active,2022-07-28,2026-07-07
144,LN-10144,40,Auto,3973451.65,10.54,24,184346.54,524639.23,active,2020-12-22,2022-12-12
145,LN-10145,11,Auto,1350301.27,14.53,240,17313.52,876097.43,active,2020-11-16,2040-08-03
146,LN-10146,50,Housing,4653085.88,10.22,60,99368.77,1578656.72,paid,2022-10-01,2027-09-05
147,LN-10147,34,Personal,143277.81,12.41,24,6772.05,83685.29,paid,2022-08-09,2024-07-29
148,LN-10148,63,Personal,1924219.66,7.86,36,60173.85,1418341.09,restructured,2020-10-22,2023-10-07
149,LN-10149,63,Business,986440.68,3.86,60,18104.55,507304.55,restructured,2019-04-29,2024-04-02
150,LN-10150,62,Education,2777709.86,16.07,48,78820.7,1097850.7,active,2022-02-07,2026-01-17
151,LN-10151,13,Business,1737061.01,5.97,6,294572.11,918016.11,paid,2022-01-13,2022-07-12
152,LN-10152,64,Personal,4022202.91,6.63,60,78944.17,2912233.54,restructured,2019-10-07,2024-09-10
153,LN-10153,91,Auto,4949436.81,17.72,36,178239.56,2769383.12,restructured,2021-06-02,2024-05-17
154,LN-10154,99,Business,2766140.84,19.65,48,83659.71,2152247.67,paid,2022-01-15,2025-12-25
155,LN-10155,19,Personal,3325101.86,20.68,12,309102.34,1550813.99,active,2022-06-14,2023-06-09
156,LN-10156,50,Housing,1402585.52,17.31,6,245707.27,395825.7,active,2021-11-21,2022-05-20
157,LN-10157,51,Education,1006227.08,13.76,6,174499.0,529122.44,active,2021-02-17,2021-08-16
158,LN-10158,83,Auto,3306786.35,8.17,120,40418.1,2778995.92,active,2020-10-09,2030-08-18
159,LN-10159,88,Education,3528778.99,23.62,24,185901.82,651816.37,paid,2022-11-06,2024-10-26
160,LN-10160,71,Business,3873065.61,13.76,36,131921.18,812004.58,defaulted,2022-06-04,2025-05-19
161,LN-10161,20,Housing,4750374.97,21.42,240,86025.94,3265812.69,active,2022-01-07,2041-09-24
162,LN-10162,1,Housing,3666854.75,18.83,60,94777.56,1315244.73,paid,2021-05-28,2026-05-02
163,LN-10163,85,Business,1097278.8,6.32,36,33540.68,989788.32,defaulted,2022-08-09,2025-07-24
164,LN-10164,71,Education,2181657.74,6.44,12,188209.0,2158319.54,defaulted,2021-10-06,2022-10-01
165,LN-10165,31,Personal,423968.35,8.41,48,10432.1,148626.21,active,2020-08-07,2024-07-17
166,LN-10166,49,Auto,1284606.03,14.47,12,115625.35,671378.6,active,2022-03-27,2023-03-22
167,LN-10167,14,Housing,2874546.51,5.65,12,246939.76,2864063.55,paid,2022-11-08,2023-11-03
168,LN-10168,99,Personal,1486767.65,23.55,24,78273.51,171878.35,active,2022-08-13,2024-08-02
169,LN-10169,81,Education,950017.85,20.95,12,88436.95,114549.29,active,2021-08-22,2022-08-17
170,LN-10170,31,Education,3584672.24,4.24,240,22178.41,1781317.22,active,2022-02-13,2041-10-31
171,LN-10171,18,Housing,2209276.93,19.02,36,81005.64,32322.85,paid,2022-10-04,2025-09-18
172,LN-10172,9,Auto,4536747.25,15.82,24,221743.27,2346584.99,active,2022-02-28,2024-02-18
173,LN-10173,70,Auto,4885218.87,3.77,240,29014.76,4354307.49,defaulted,2020-08-20,2040-05-07
174,LN-10174,96,Housing,834202.67,18.91,60,21598.39,701382.97,active,2019-06-05,2024-05-09
175,LN-10175,47,Housing,3250236.85,23.26,36,126256.64,2277052.67,restructured,2019-10-19,2022-10-03
176,LN-10176,60,Business,832648.22,14.33,24,40107.77,622262.67,defaulted,2019-04-24,2021-04-13
177,LN-10177,36,Business,2014899.06,7.6,24,90761.28,151121.56,active,2020-08-25,2022-08-15
178,LN-10178,68,Auto,1921082.18,6.37,36,58765.65,3199.1,restructured,2020-08-20,2023-08-05
179,LN-10179,52,Personal,4083373.41,16.63,48,117045.71,2271767.51,active,2021-03-07,2025-02-14
180,LN-10180,36,Auto,4677355.87,18.47,12,429866.88,3373354.26,active,2021-04-04,2022-03-30
181,LN-10181,61,Housing,2847810.99,8.26,36,89582.02,2054221.67,restructured,2023-01-17,2026-01-01
182,LN-10182,40,Housing,894375.09,13.94,60,20782.73,10348.04,active,2023-02-04,2028-01-09
183,LN-10183,83,Business,4987156.29,11.99,24,234739.47,2228856.7,active,2021-04-01,2023-03-22
184,LN-10184,2,Business,1973231.32,23.48,36,76877.77,1373931.71,active,2020-06-13,2023-05-29
185,LN-10185,17,Personal,4333657.65,10.46,24,200897.65,3538655.77,active,2022-09-27,2024-09-16
186,LN-10186,68,Housing,509929.4,6.55,60,9989.3,115712.32,active,2022-10-30,2027-10-04
187,LN-10187,93,Housing,4089059.52,18.47,6,718690.67,2860305.13,paid,2019-03-15,2019-09-11
188,LN-10188,54,Personal,3621573.97,16.55,240,51885.54,2519861.69,active,2021-03-17,2040-12-02
189,LN-10189,8,Business,1867523.79,11.49,36,61574.6,260301.19,restructured,2021-07-31,2024-07-15
190,LN-10190,14,Personal,3309566.13,14.61,120,52607.21,1282171.03,defaulted,2019-11-25,2029-10-03
191,LN-10191,43,Personal,3130101.03,4.55,48,71447.7,775615.76,active,2019-03-23,2023-03-02
192,LN-10192,57,Education,4523385.08,5.63,6,766325.43,3880122.78,defaulted,2022-12-06,2023-06-04
193,LN-10193,36,Business,4029037.44,19.74,36,149200.25,442262.97,active,2022-05-01,2025-04-15
194,LN-10194,80,Housing,740872.1,23.96,24,39155.93,28339.67,paid,2020-10-04,2022-09-24
195,LN-10195,17,Auto,878420.11,11.4,120,12299.98,124795.77,restructured,2019-11-22,2029-09-30
196,LN-10196,76,Auto,4713117.53,12.19,48,124554.59,131177.83,active,2020-10-01,2024-09-10
197,LN-10197,76,Housing,3784012.02,5.33,240,25667.76,1933929.49,restructured,2021-07-09,2041-03-26
198,LN-10198,42,Housing,323524.22,4.76,12,27660.52,244725.94,active,2022-05-24,2023-05-19
199,LN-10199,69,Business,14854.11,17.03,120,258.44,3554.71,defaulted,2019-07-31,2029-06-08
200,LN-10200,54,Housing,4666208.9,19.68,240,78100.3,3089172.98,active,2019-06-25,2039-03-12
201,LN-10201,27,Housing,2581460.23,8.03,60,52379.78,1584260.85,defaulted,2022-07-18,2027-06-22
202,LN-10202,30,Business,940961.6,3.82,12,80045.43,421712.23,defaulted,2020-06-01,2021-05-27
203,LN-10203,92,Education,2581092.86,13.24,240,30681.83,2231264.82,active,2020-12-01,2040-08-18
204,LN-10204,56,Education,4438595.68,8.24,120,54416.95,4291482.27,restructured,2021-11-30,2031-10-09
205,LN-10205,42,Housing,4542952.7,14.36,48,124964.85,3509276.87,paid,2022-07-14,2026-06-23
206,LN-10206,49,Education,4421894.39,17.34,60,110705.48,1026263.34,active,2019-08-06,2024-07-10
207,LN-10207,58,Business,4604773.63,8.41,60,94274.37,3169726.12,paid,2021-11-30,2026-11-04
208,LN-10208,9,Housing,1326505.24,20.41,24,67779.53,724676.5,restructured,2022-11-09,2024-10-29
209,LN-10209,20,Personal,1934191.07,22.68,6,344022.29,1841739.13,restructured,2019-05-08,2019-11-04
210,LN-10210,48,Housing,3042926.26,11.72,60,67258.45,679563.53,active,2020-01-03,2024-12-07
211,LN-10211,25,Housing,3227691.87,4.09,60,59574.04,1809832.99,active,2020-06-27,2025-06-01
212,LN-10212,29,Personal,559110.07,4.46,24,24393.95,76511.13,paid,2021-08-29,2023-08-19
213,LN-10213,31,Personal,1155102.1,21.92,6,205010.9,376174.07,active,2021-01-30,2021-07-29
214,LN-10214,61,Personal,2354244.88,21.81,36,89678.44,254698.9,paid,2021-06-26,2024-06-10
215,LN-10215,96,Housing,3291167.55,22.89,12,309446.24,1533925.65,active,2021-11-23,2022-11-18
216,LN-10216,3,Personal,2849073.73,23.82,60,81664.66,2347740.41,active,2022-05-18,2027-04-22
217,LN-10217,48,Personal,3877458.13,22.66,240,74050.44,604092.79,restructured,2022-10-03,2042-06-20
218,LN-10218,90,Business,4602331.74,20.17,36,171438.05,548968.95,active,2020-01-02,2022-12-17
219,LN-10219,54,Housing,3849886.28,4.88,12,329367.4,574542.34,active,2022-05-05,2023-04-30
220,LN-10220,41,Education,4374056.13,6.21,36,133483.86,2497616.81,defaulted,2022-09-24,2025-09-08
221,LN-10221,39,Education,2690095.82,21.74,36,102374.5,2034079.74,active,2020-01-17,2023-01-01
222,LN-10222,53,Auto,286338.33,4.09,6,48293.97,242679.64,defaulted,2021-10-25,2022-04-23
223,LN-10223,24,Personal,1006918.06,8.6,12,87869.81,312157.63,active,2020-09-10,2021-09-05
224,LN-10224,71,Auto,3957813.98,13.31,24,188738.5,3401998.66,active,2019-01-04,2020-12-24
225,LN-10225,82,Auto,2364903.18,10.96,12,208969.94,965627.39,defaulted,2021-10-20,2022-10-15
226,LN-10226,14,Personal,1431405.85,12.26,12,127352.84,449743.22,restructured,2019-03-16,2020-03-10
227,LN-10227,82,Auto,2643537.93,7.96,12,229908.32,2584057.23,active,2019-04-20,2020-04-14
228,LN-10228,80,Business,4177623.16,16.37,120,70946.98,2608148.07,paid,2020-07-04,2030-05-13
229,LN-10229,10,Auto,2742643.32,5.19,48,63397.46,521163.62,defaulted,2019-03-05,2023-02-12
230,LN-10230,42,Housing,700571.17,7.24,240,5532.9,562200.59,active,2022-06-27,2042-03-14
231,LN-10231,58,Personal,4848370.76,19.41,36,178728.62,4115315.33,restructured,2019-10-25,2022-10-09
232,LN-10232,39,Education,1984422.63,18.05,12,181979.08,237078.09,active,2019-07-04,2020-06-28
233,LN-10233,70,Auto,3400562.02,6.29,12,293127.7,2125396.17,defaulted,2020-10-03,2021-09-28
234,LN-10234,41,Education,1981229.23,21.65,6,351366.57,1253912.0,active,2019-06-04,2019-12-01
235,LN-10235,42,Housing,2554770.54,18.83,12,235231.68,359613.8,active,2022-01-13,2023-01-08
236,LN-10236,29,Personal,4551232.44,18.17,48,134097.09,2708910.78,restructured,2021-06-25,2025-06-04
237,LN-10237,46,Personal,4899083.12,8.93,120,61874.07,2692565.99,active,2020-03-05,2030-01-12
238,LN-10238,89,Housing,4480763.85,17.89,36,161743.2,2307411.61,active,2019-01-25,2022-01-09
239,LN-10239,16,Education,483484.59,5.12,6,81788.37,125607.67,active,2020-05-21,2020-11-17
240,LN-10240,8,Personal,1006379.89,21.96,12,94172.13,202898.5,defaulted,2022-03-10,2023-03-05
241,LN-10241,58,Personal,4789900.35,14.5,120,75817.79,2798588.83,paid,2021-01-18,2030-11-27
242,LN-10242,75,Housing,4668997.12,18.23,36,169334.62,1364139.5,active,2023-02-01,2026-01-16
243,LN-10243,14,Auto,392659.7,10.87,6,67533.7,126145.86,active,2022-02-11,2022-08-10
244,LN-10244,29,Business,3955227.64,19.96,6,698108.78,3793440.67,active,2019-02-25,2019-08-24
245,LN-10245,6,Education,2969547.79,18.86,48,88570.6,1327475.64,paid,2021-10-29,2025-10-08
246,LN-10246,11,Personal,2101966.51,10.59,60,45273.23,1321264.73,active,2020-08-11,2025-07-16
247,LN-10247,87,Auto,4159185.28,8.04,120,50550.35,1031954.75,restructured,2022-01-28,2031-12-07
248,LN-10248,82,Housing,1045466.36,21.63,36,39727.0,894531.2,active,2019-05-29,2022-05-13
249,LN-10249,83,Personal,602612.2,5.71,60,11569.1,369069.42,active,2020-12-20,2025-11-24
250,LN-10250,48,Personal,1836590.48,10.42,12,161824.46,100626.86,active,2022-05-19,2023-05-14
251,LN-10251,5,Personal,2225978.57,15.5,24,108459.79,2174542.75,paid,2020-04-07,2022-03-28
252,LN-10252,54,Personal,2035485.97,14.13,60,47499.5,1822465.8,paid,2019-09-05,2024-08-09
253,LN-10253,51,Personal,812624.95,13.07,24,38660.4,690985.63,active,2021-10-13,2023-10-03
254,LN-10254,37,Housing,4817688.92,13.16,48,129629.44,1350597.11,restructured,2020-01-12,2023-12-22
255,LN-10255,73,Business,1345394.81,17.91,6,236090.4,357172.91,active,2022-06-08,2022-12-05
256,LN-10256,77,Personal,3563591.76,15.69,240,48751.74,2851651.69,active,2022-09-22,2042-06-09
257,LN-10257,27,Personal,2222428.31,12.71,48,59302.8,2156231.46,active,2019-08-26,2023-08-05
258,LN-10258,57,Auto,3605552.24,5.66,6,610884.55,107702.55,defaulted,2022-03-16,2022-09-12
259,LN-10259,54,Education,3166238.81,5.89,48,74199.63,1805169.97,active,2022-01-10,2025-12-20
260,LN-10260,79,Education,806625.56,16.91,12,73533.64,551919.08,active,2019-01-17,2020-01-12
261,LN-10261,39,Housing,2907000.53,5.98,6,492985.58,1110416.5,paid,2020-02-23,2020-08-21
262,LN-10262,3,Auto,3946940.44,13.22,36,133406.65,3590223.87,active,2022-11-06,2025-10-21
263,LN-10263,98,Auto,3752919.0,14.49,120,59380.98,3294007.38,active,2022-03-14,2032-01-21
264,LN-10264,47,Auto,2873162.49,13.57,12,257392.03,333384.88,active,2021-07-26,2022-07-21
265,LN-10265,63,Business,2351853.94,5.53,24,103738.24,1349997.44,restructured,2020-12-19,2022-12-09
266,LN-10266,11,Business,1910188.9,14.89,36,66114.47,748906.67,defaulted,2020-01-21,2023-01-05
267,LN-10267,17,Education,2947299.76,7.51,240,23761.27,781397.76,paid,2021-02-15,2040-11-02
268,LN-10268,59,Personal,4410782.37,22.75,24,230460.16,4088748.06,defaulted,2022-06-13,2024-06-02
269,LN-10269,96,Education,1135954.68,8.48,24,51625.19,119917.09,active,2021-01-04,2022-12-25
270,LN-10270,57,Education,281660.01,9.88,12,24746.67,76627.55,active,2021-01-27,2022-01-22
271,LN-10271,60,Education,4445284.35,21.42,60,121312.5,469463.31,active,2021-09-01,2026-08-06
272,LN-10272,27,Auto,4732971.59,14.33,240,59993.23,1940413.38,active,2021-05-13,2041-01-28
273,LN-10273,77,Personal,4875692.64,13.89,240,60241.12,30137.92,defaulted,2019-09-19,2039-06-06
274,LN-10274,91,Auto,163134.65,7.69,6,27802.18,96767.33,active,2021-10-18,2022-04-16
275,LN-10275,75,Housing,906461.96,14.57,12,81631.91,403208.62,paid,2019-05-22,2020-05-16
276,LN-10276,23,Education,2431796.78,12.1,120,35029.94,729975.45,active,2022-08-01,2032-06-09
277,LN-10277,50,Auto,3460926.14,7.27,12,299893.63,10362.82,restructured,2019-02-04,2020-01-30
278,LN-10278,87,Education,4856149.48,15.31,60,116319.17,514082.37,paid,2022-10-03,2027-09-07
279,LN-10279,32,Auto,3151279.06,4.13,12,268518.32,1073869.91,active,2019-05-21,2020-05-15
280,LN-10280,22,Housing,4191588.31,18.12,48,123390.9,2836235.76,restructured,2021-07-26,2025-07-05
281,LN-10281,94,Personal,2390437.01,5.46,6,404774.79,360253.07,active,2020-01-04,2020-07-02
282,LN-10282,77,Personal,1715204.15,12.19,240,19113.56,387709.17,active,2019-04-08,2038-12-24
283,LN-10283,28,Education,102026.08,11.03,60,2219.82,28574.32,active,2022-11-19,2027-10-24
284,LN-10284,40,Auto,1157970.88,6.99,12,100190.11,600505.87,active,2022-07-19,2023-07-14
285,LN-10285,58,Personal,2537081.01,5.22,60,48133.99,510467.83,active,2021-04-20,2026-03-25
286,LN-10286,76,Auto,3760332.0,4.07,36,111137.12,2828225.17,restructured,2020-02-06,2023-01-21
287,LN-10287,41,Housing,3880639.77,22.16,12,363504.96,782988.98,paid,2021-12-08,2022-12-03
288,LN-10288,86,Auto,3952815.09,4.23,48,89658.23,2321728.05,active,2020-10-27,2024-10-06
289,LN-10289,10,Housing,1130598.45,16.38,6,197537.16,67080.58,defaulted,2019-05-08,2019-11-04
290,LN-10290,95,Housing,3269614.42,5.66,48,76278.35,863856.28,active,2019-12-08,2023-11-17
291,LN-10291,3,Housing,2004923.84,16.01,240,27908.66,1259952.04,defaulted,2022-09-29,2042-06-16
292,LN-10292,36,Housing,77070.55,23.08,60,2176.2,4284.15,active,2021-12-11,2026-11-15
293,LN-10293,51,Personal,2500447.89,14.75,120,39959.01,219161.48,active,2022-07-07,2032-05-15
294,LN-10294,24,Business,4255792.9,19.52,60,111618.86,2479147.55,restructured,2020-03-02,2025-02-04
295,LN-10295,50,Housing,3464637.45,5.86,48,81144.91,2454636.09,active,2019-03-09,2023-02-16
296,LN-10296,54,Business,2800392.73,18.72,48,83318.87,600062.57,paid,2021-04-25,2025-04-04
297,LN-10297,45,Housing,4665671.28,7.93,48,113749.43,2646904.48,active,2021-01-28,2025-01-07
298,LN-10298,43,Education,1089377.82,15.51,60,26208.77,523988.1,paid,2019-09-15,2024-08-19
299,LN-10299,80,Personal,1165004.62,10.77,6,200312.13,712791.8,restructured,2022-10-22,2023-04-20
300,LN-10300,2,Auto,3002247.58,19.76,48,90976.02,2682899.56,active,2022-09-18,2026-08-28
301,LN-10301,76,Personal,1997198.63,11.57,60,43993.82,580984.43,defaulted,2020-05-24,2025-04-28
302,LN-10302,17,Education,2796729.87,19.79,120,53659.56,821973.21,active,2020-06-08,2030-04-17
303,LN-10303,28,Business,549102.11,22.82,12,51609.82,49747.17,paid,2020-06-25,2021-06-20
304,LN-10304,68,Auto,969862.74,19.1,240,15793.88,566126.83,restructured,2019-05-05,2039-01-20
305,LN-10305,36,Auto,3425742.9,4.82,12,292986.72,1736121.34,defaulted,2020-08-16,2021-08-11
306,LN-10306,100,Auto,336795.71,21.18,240,6035.03,106273.52,restructured,2019-04-07,2038-12-23
307,LN-10307,70,Housing,4177380.0,17.04,6,731239.17,3158851.68,restructured,2020-09-01,2021-02-28
308,LN-10308,7,Business,1065707.79,13.48,240,12851.75,160872.58,active,2020-06-26,2040-03-13
309,LN-10309,33,Auto,2944890.79,10.71,12,259876.14,22561.54,active,2021-01-28,2022-01-23
310,LN-10310,94,Business,4236208.05,17.85,60,107226.47,159918.01,active,2020-05-25,2025-04-29
311,LN-10311,79,Education,2589654.77,4.35,120,26651.92,1345791.22,active,2019-12-20,2029-10-28
312,LN-10312,39,Business,1126749.07,14.15,120,17596.39,564144.3,active,2019-03-17,2029-01-23
313,LN-10313,43,Housing,254118.6,5.69,12,21834.89,173501.04,active,2022-01-09,2023-01-04
314,LN-10314,18,Education,458561.06,10.42,24,21249.27,250058.42,active,2021-06-29,2023-06-19
315,LN-10315,91,Education,312029.67,23.1,36,12094.85,89179.23,active,2021-08-19,2024-08-03
316,LN-10316,68,Auto,579417.51,18.94,48,17306.31,78204.54,defaulted,2019-10-30,2023-10-09
317,LN-10317,92,Personal,3932427.79,19.56,12,363450.91,3280433.48,active,2020-05-08,2021-05-03
318,LN-10318,42,Business,4632010.32,22.31,12,434221.5,1739687.53,active,2021-05-26,2022-05-21
319,LN-10319,47,Personal,4796958.79,4.15,60,88668.38,2579932.21,active,2022-11-15,2027-10-20
320,LN-10320,5,Personal,1772363.73,22.82,24,92666.24,133170.78,restructured,2021-11-03,2023-10-24
321,LN-10321,88,Personal,1022014.49,10.9,48,26364.89,793359.8,restructured,2022-09-11,2026-08-21
322,LN-10322,2,Business,1065512.65,12.94,6,184347.71,892494.31,paid,2019-09-17,2020-03-15
323,LN-10323,74,Education,1295527.54,7.65,120,15479.75,1180157.65,active,2021-09-13,2031-07-23
324,LN-10324,30,Business,4163581.65,19.43,36,153527.04,4024506.9,active,2022-04-17,2025-04-01
325,LN-10325,30,Auto,424130.58,5.95,240,3026.38,157054.15,active,2019-08-23,2039-05-10
326,LN-10326,11,Auto,2751788.92,4.67,120,28745.14,1687391.2,defaulted,2022-07-08,2032-05-16
327,LN-10327,19,Housing,199664.46,8.92,6,34148.52,121550.29,active,2020-08-05,2021-02-01
328,LN-10328,68,Business,1665841.41,6.59,12,143825.17,166243.49,active,2020-05-29,2021-05-24
329,LN-10329,72,Housing,111130.95,12.6,36,3723.07,38294.27,active,2021-02-13,2024-01-29
330,LN-10330,7,Education,2154782.59,12.4,48,57167.8,659766.97,restructured,2022-12-04,2026-11-13
331,LN-10331,48,Auto,3904685.05,7.51,60,78260.43,1544542.74,active,2019-04-14,2024-03-18
332,LN-10332,55,Housing,938412.95,10.9,12,82894.73,927499.55,restructured,2021-03-03,2022-02-26
333,LN-10333,40,Auto,2155345.78,7.63,48,52244.75,2002831.91,active,2021-11-11,2025-10-21
334,LN-10334,59,Housing,1088427.09,4.45,24,47483.17,725599.62,paid,2021-06-16,2023-06-06
335,LN-10335,58,Housing,4290006.32,16.91,240,62632.39,2800386.17,active,2021-09-23,2041-06-10
336,LN-10336,89,Housing,4479270.12,7.08,6,762036.75,1327914.73,paid,2022-12-16,2023-06-14
337,LN-10337,78,Auto,3985252.67,10.95,60,86549.71,344954.66,paid,2021-02-13,2026-01-18
338,LN-10338,57,Auto,3868999.67,11.31,24,180883.06,1923786.21,paid,2020-01-04,2021-12-24
339,LN-10339,24,Personal,4803859.31,15.01,60,114308.69,1290578.39,restructured,2019-04-24,2024-03-28
340,LN-10340,44,Housing,4531049.11,14.07,6,786466.36,602553.82,defaulted,2021-12-25,2022-06-23
341,LN-10341,35,Auto,59523.59,7.92,240,494.92,29327.67,restructured,2022-10-24,2042-07-11
342,LN-10342,1,Housing,4331606.68,10.08,240,42030.79,1691345.2,active,2022-08-03,2042-04-20
343,LN-10343,12,Housing,3487367.24,15.5,60,83882.31,1549467.07,active,2021-07-16,2026-06-20
344,LN-10344,14,Housing,541710.72,5.94,60,10457.68,141026.83,paid,2019-08-11,2024-07-15
345,LN-10345,68,Education,696466.17,16.8,6,121831.39,508516.5,restructured,2023-01-29,2023-07-28
346,LN-10346,89,Personal,4435093.19,16.68,60,109461.82,3436134.82,defaulted,2021-07-20,2026-06-24
347,LN-10347,43,Education,3347778.77,5.25,24,147246.82,1173890.56,defaulted,2021-12-13,2023-12-03
348,LN-10348,10,Business,1213649.66,19.83,24,61668.93,769581.51,active,2022-02-27,2024-02-17
349,LN-10349,39,Auto,2222454.1,19.68,240,37198.15,2057157.08,active,2019-06-05,2039-02-20
350,LN-10350,68,Business,4428536.59,23.21,36,171912.51,1595977.33,defaulted,2020-03-21,2023-03-06
351,LN-10351,88,Housing,4159791.03,10.39,60,89183.63,3412021.72,defaulted,2020-07-09,2025-06-13
352,LN-10352,47,Personal,4738857.28,3.63,6,798192.7,3017871.81,active,2019-02-11,2019-08-10
353,LN-10353,93,Business,2485973.68,11.29,120,34653.65,2221886.53,restructured,2020-06-25,2030-05-04
354,LN-10354,30,Education,4297528.21,10.62,12,379061.35,1646189.51,active,2022-03-30,2023-03-25
355,LN-10355,96,Housing,1598660.93,21.39,240,28912.56,776019.13,restructured,2022-07-18,2042-04-04
356,LN-10356,85,Housing,4006171.81,12.52,36,134059.41,164998.49,restructured,2022-12-16,2025-11-30
357,LN-10357,86,Business,2043646.03,15.46,24,99536.77,1894184.22,restructured,2019-03-28,2021-03-17
358,LN-10358,49,Housing,4233046.98,22.57,120,89144.42,991376.94,paid,2019-02-04,2028-12-13
359,LN-10359,100,Business,956878.38,21.59,48,29934.9,473135.99,paid,2021-06-26,2025-06-05
360,LN-10360,33,Auto,2493004.13,6.0,60,48196.75,16737.64,defaulted,2020-01-23,2024-12-27
361,LN-10361,67,Education,3038840.51,18.41,6,534013.93,2526438.17,defaulted,2019-03-29,2019-09-25
362,LN-10362,66,Education,1025834.14,13.54,12,91884.81,527605.24,active,2022-07-13,2023-07-08
363,LN-10363,90,Business,819054.07,6.45,12,70662.58,687351.39,active,2021-11-03,2022-10-29
364,LN-10364,55,Business,4501873.73,23.13,36,174571.46,4072076.65,paid,2021-01-05,2023-12-21
365,LN-10365,41,Personal,4374648.22,20.74,6,773842.69,836326.06,active,2021-06-22,2021-12-19
366,LN-10366,87,Business,4743827.77,16.48,240,67712.92,4741234.71,active,2019-09-01,2039-05-19
367,LN-10367,60,Business,851276.11,17.56,24,42318.44,306805.38,active,2019-05-09,2021-04-28
368,LN-10368,4,Education,3703875.45,18.64,6,651304.83,1872302.62,restructured,2020-03-04,2020-08-31
369,LN-10369,41,Education,2760720.36,15.29,24,134238.77,2599935.99,paid,2019-05-20,2021-05-09
370,LN-10370,6,Education,2993057.9,14.95,240,39301.74,2406331.71,active,2021-09-17,2041-06-04
371,LN-10371,1,Education,1137822.92,20.75,36,42721.64,572354.76,active,2019-03-19,2022-03-03
372,LN-10372,96,Personal,1493856.29,12.15,6,257873.2,856715.37,restructured,2022-08-17,2023-02-13
373,LN-10373,65,Personal,4452404.26,17.45,120,78655.95,1496035.93,active,2022-12-04,2032-10-12
374,LN-10374,76,Housing,3287265.87,4.42,60,61165.05,2615334.2,active,2020-12-29,2025-12-03
375,LN-10375,75,Auto,1526273.23,18.29,24,76411.86,545780.62,active,2021-11-15,2023-11-05
376,LN-10376,22,Personal,4560294.1,19.13,120,85515.92,2701833.61,active,2020-08-13,2030-06-22
377,LN-10377,87,Education,1166260.68,8.11,120,14217.84,340475.99,active,2022-01-12,2031-11-21
378,LN-10378,84,Personal,3805495.93,4.54,36,113269.84,2316835.18,active,2021-09-13,2024-08-28
379,LN-10379,79,Education,2841306.97,21.99,60,78457.65,720792.08,paid,2021-11-29,2026-11-03
380,LN-10380,25,Housing,3946046.54,10.68,60,85168.22,1655440.44,active,2019-06-27,2024-05-31
381,LN-10381,85,Business,2306812.9,5.66,240,16077.46,611845.16,active,2020-09-21,2040-06-08
382,LN-10382,21,Personal,4586550.37,11.84,6,791039.18,1246847.72,paid,2019-02-14,2019-08-13
383,LN-10383,78,Personal,2881191.57,4.26,120,29528.01,990199.66,restructured,2020-01-25,2029-12-03
384,LN-10384,21,Auto,3112899.99,22.11,6,552782.78,278586.54,active,2020-02-20,2020-08-18
385,LN-10385,11,Housing,2540569.9,5.9,12,218541.03,247191.93,defaulted,2021-12-24,2022-12-19
386,LN-10386,52,Housing,3499321.82,17.95,24,174615.97,3177237.29,active,2021-12-10,2023-11-30
387,LN-10387,39,Education,1554339.92,7.02,48,37235.03,1403155.03,restructured,2019-07-06,2023-06-15
388,LN-10388,38,Housing,122897.49,13.45,60,2824.69,65226.57,active,2022-02-22,2027-01-27
389,LN-10389,41,Personal,3844775.49,7.34,36,119314.1,1071772.92,restructured,2022-03-16,2025-02-28
390,LN-10390,46,Education,1296692.89,20.09,120,25136.75,267795.5,active,2021-11-05,2031-09-14
391,LN-10391,83,Education,2024556.49,5.92,6,343276.2,550223.78,defaulted,2020-06-01,2020-11-28
392,LN-10392,57,Housing,2635009.27,5.03,12,225612.74,1866018.57,active,2019-03-14,2020-03-08
393,LN-10393,25,Business,4990988.03,6.92,12,431669.91,2787537.13,active,2019-05-14,2020-05-08
394,LN-10394,21,Housing,2712881.93,21.72,12,253545.06,2453494.65,restructured,2019-03-20,2020-03-14
395,LN-10395,46,Housing,4047037.08,15.75,24,197672.44,2264154.57,defaulted,2019-05-17,2021-05-06
396,LN-10396,57,Housing,2419935.52,7.96,120,29309.37,2270736.51,active,2020-07-18,2030-05-27
397,LN-10397,48,Personal,1250470.61,14.8,240,16281.58,62612.2,defaulted,2022-10-27,2042-07-14
398,LN-10398,1,Business,1879177.52,6.7,24,83880.28,608596.68,defaulted,2021-06-25,2023-06-15
399,LN-10399,4,Business,2666190.73,15.34,24,129705.76,765877.84,restructured,2020-09-05,2022-08-26
400,LN-10400,66,Personal,3293931.15,15.63,36,115204.04,2008548.11,restructured,2020-08-08,2023-07-24
401,LN-10401,93,Personal,42671.97,19.97,12,3952.28,11215.2,paid,2019-12-12,2020-12-06
402,LN-10402,22,Business,1527920.63,21.36,24,78783.63,1249667.71,defaulted,2019-11-07,2021-10-27
403,LN-10403,98,Auto,1141504.02,17.55,6,200106.94,976895.37,paid,2022-05-14,2022-11-10
404,LN-10404,25,Housing,2981627.72,10.98,120,41038.18,1071931.97,active,2022-02-16,2031-12-26
405,LN-10405,1,Auto,1587684.69,12.85,24,75369.61,1551839.21,defaulted,2022-10-11,2024-09-30
406,LN-10406,46,Education,1662379.04,6.45,6,282298.71,1451866.77,restructured,2020-01-14,2020-07-12
407,LN-10407,17,Education,1051344.53,20.84,36,39523.16,692128.13,defaulted,2020-05-17,2023-05-02
408,LN-10408,54,Business,38075.92,8.69,36,1205.32,23933.97,defaulted,2022-07-11,2025-06-25
409,LN-10409,11,Business,4755772.94,5.04,60,89834.48,3658338.45,active,2022-04-23,2027-03-28
410,LN-10410,10,Housing,3954483.42,3.81,60,72489.26,2527285.88,restructured,2022-03-25,2027-02-27
411,LN-10411,98,Personal,3366370.98,20.82,36,126517.35,1052859.07,paid,2020-05-20,2023-05-05
412,LN-10412,98,Business,3656718.8,20.58,24,187149.37,554856.0,paid,2022-05-02,2024-04-21
413,LN-10413,98,Personal,250379.6,8.82,240,2223.83,154723.63,restructured,2019-11-04,2039-07-22
414,LN-10414,18,Personal,2039215.16,23.41,36,79373.88,1015468.27,defaulted,2023-01-01,2025-12-16
415,LN-10415,11,Business,4501032.23,19.16,120,84493.07,1995220.0,defaulted,2019-01-01,2028-11-09
416,LN-10416,71,Business,4125729.89,11.98,24,194173.9,1020382.07,active,2022-10-27,2024-10-16
417,LN-10417,19,Personal,2143547.26,6.92,240,16516.12,1227707.03,active,2023-01-26,2042-10-13
418,LN-10418,93,Personal,985883.68,14.26,240,12446.27,114937.36,active,2022-05-30,2042-02-14
419,LN-10419,73,Auto,864003.2,21.15,12,80512.81,466766.72,defaulted,2019-08-10,2020-08-04
420,LN-10420,21,Education,1278327.12,4.26,48,29012.38,509864.7,active,2019-06-14,2023-05-24
421,LN-10421,74,Business,1260064.89,14.99,24,61090.34,721377.18,restructured,2021-06-01,2023-05-22
422,LN-10422,74,Auto,2464352.95,12.11,12,219081.61,337726.15,active,2019-08-03,2020-07-28
423,LN-10423,19,Education,1243613.69,12.07,6,214626.53,1206937.87,paid,2019-08-10,2020-02-06
424,LN-10424,2,Business,1915020.19,17.95,240,29481.06,1147833.42,active,2022-10-15,2042-07-02
425,LN-10425,23,Education,4543518.59,10.14,120,60395.73,4183054.6,active,2020-06-01,2030-04-10
426,LN-10426,5,Personal,2433631.54,22.11,36,93080.04,383985.45,restructured,2022-06-09,2025-05-24
427,LN-10427,3,Auto,880866.74,20.13,6,155550.25,309334.64,defaulted,2021-04-23,2021-10-20
428,LN-10428,38,Business,1018681.36,20.04,48,31020.56,730130.41,defaulted,2020-04-02,2024-03-12
429,LN-10429,67,Education,113256.5,13.39,240,1358.48,29028.32,active,2021-04-25,2041-01-10
430,LN-10430,85,Education,592378.37,17.32,24,29379.69,32931.97,restructured,2020-05-07,2022-04-27
431,LN-10431,53,Housing,4824886.56,5.79,24,213385.65,2395807.59,active,2022-12-06,2024-11-25
432,LN-10432,12,Housing,1511874.08,14.0,48,41314.19,435256.57,active,2022-07-21,2026-06-30
433,LN-10433,25,Personal,1903079.54,18.22,60,48553.76,1643583.13,active,2021-10-08,2026-09-12
434,LN-10434,67,Personal,2199798.37,11.72,36,72770.95,1655010.81,active,2020-09-21,2023-09-06
435,LN-10435,29,Personal,1256453.6,9.63,120,16347.77,10469.51,active,2022-07-06,2032-05-14
436,LN-10436,95,Housing,3471376.68,5.75,6,588304.41,2269930.74,active,2023-01-19,2023-07-18
437,LN-10437,2,Personal,3123135.99,16.57,24,153770.41,1921750.86,restructured,2022-04-03,2024-03-23
438,LN-10438,39,Personal,4059642.56,15.18,36,141086.95,4013404.49,active,2021-09-02,2024-08-17
439,LN-10439,1,Housing,204497.09,19.73,24,10381.09,154952.94,restructured,2020-09-18,2022-09-08
440,LN-10440,71,Housing,2986040.56,18.7,12,274755.93,2541871.34,defaulted,2021-11-25,2022-11-20
441,LN-10441,7,Housing,1176082.84,22.24,36,45061.29,238907.42,defaulted,2021-04-07,2024-03-22
442,LN-10442,36,Housing,539114.27,23.63,48,17466.02,381303.45,defaulted,2023-01-05,2026-12-15
443,LN-10443,99,Business,1117237.52,19.64,12,103302.35,527387.02,active,2021-01-09,2022-01-04
444,LN-10444,22,Auto,618569.04,17.76,60,15626.94,9959.89,defaulted,2022-12-13,2027-11-17
445,LN-10445,72,Auto,2800029.51,12.56,48,74507.74,2376626.23,active,2022-05-23,2026-05-02
446,LN-10446,31,Personal,3848186.69,8.52,12,335673.64,1560513.44,restructured,2022-02-12,2023-02-07
447,LN-10447,39,Auto,3905578.72,21.24,240,70169.63,40133.1,active,2021-07-23,2041-04-09
448,LN-10448,44,Personal,1705399.78,11.82,48,44759.14,1242598.78,restructured,2022-05-19,2026-04-28
449,LN-10449,54,Education,2931512.52,16.75,60,72462.15,2258152.02,active,2020-07-18,2025-06-22
450,LN-10450,48,Housing,293748.86,18.7,24,14764.69,197989.87,restructured,2021-07-04,2023-06-24
451,LN-10451,15,Education,3333521.17,7.89,240,27655.13,2676923.0,defaulted,2022-12-06,2042-08-23
452,LN-10452,26,Personal,3636856.79,9.46,6,622976.72,2485689.0,defaulted,2023-01-22,2023-07-21
453,LN-10453,13,Auto,4644353.34,14.18,6,806386.05,3871134.35,active,2019-02-06,2019-08-05
454,LN-10454,71,Business,3012838.01,3.94,24,130751.81,112257.17,defaulted,2022-11-23,2024-11-12
455,LN-10455,18,Auto,1921828.0,22.03,6,341197.52,476957.9,active,2021-12-23,2022-06-21
456,LN-10456,72,Personal,1400668.64,15.72,6,244264.29,507186.2,defaulted,2022-05-26,2022-11-22
457,LN-10457,80,Housing,4875369.26,14.82,240,63550.89,789298.52,defaulted,2023-01-02,2042-09-19
458,LN-10458,60,Education,4192831.17,11.01,36,137287.77,3021645.07,active,2022-10-22,2025-10-06
459,LN-10459,77,Education,510028.94,16.72,60,12598.87,54578.51,defaulted,2019-01-28,2024-01-02
460,LN-10460,40,Personal,414989.32,19.26,240,6809.69,125964.12,restructured,2020-11-07,2040-07-25
461,LN-10461,61,Education,2814108.97,5.65,6,476777.44,1035851.32,restructured,2021-02-13,2021-08-12
462,LN-10462,50,Personal,2831796.11,18.43,60,72573.06,1497548.14,active,2022-05-21,2027-04-25
463,LN-10463,85,Education,739575.42,8.76,48,18320.2,458430.77,active,2020-01-03,2023-12-13
464,LN-10464,16,Personal,4521377.22,11.59,48,118157.06,4033891.48,active,2021-10-08,2025-09-17
465,LN-10465,99,Education,190654.06,20.2,36,7104.83,190273.78,active,2019-08-30,2022-08-14
466,LN-10466,2,Housing,2270921.96,6.76,36,69870.55,1179291.05,active,2020-11-15,2023-10-31
467,LN-10467,70,Housing,112373.47,23.94,240,2261.6,1119.97,restructured,2020-06-01,2040-02-17
468,LN-10468,32,Auto,4614221.6,6.87,60,91084.37,1562169.75,defaulted,2021-03-30,2026-03-04
469,LN-10469,74,Auto,350415.0,20.84,120,6968.26,22726.28,active,2020-11-05,2030-09-14
470,LN-10470,95,Housing,3927962.08,8.04,240,32952.9,2689998.46,active,2022-10-10,2042-06-27
471,LN-10471,66,Education,4248688.54,8.19,36,133511.17,1805660.89,restructured,2022-03-04,2025-02-16
472,LN-10472,45,Business,3609697.91,10.25,240,35434.36,2216878.49,paid,2019-04-10,2038-12-26
473,LN-10473,23,Personal,186239.83,16.6,12,16950.62,110423.19,restructured,2019-12-05,2020-11-29
474,LN-10474,72,Housing,2436054.75,17.28,48,70645.85,1509803.9,active,2022-08-16,2026-07-26
475,LN-10475,39,Housing,4748958.76,20.61,36,177967.82,1001225.28,restructured,2022-12-26,2025-12-10
476,LN-10476,48,Personal,2297911.37,14.08,36,78626.48,1853754.46,restructured,2019-01-21,2022-01-05
477,LN-10477,43,Business,2262291.57,4.95,36,67752.13,1270454.7,defaulted,2019-03-17,2022-03-01
478,LN-10478,3,Auto,580955.39,19.14,240,9478.75,284852.5,active,2020-06-19,2040-03-06
479,LN-10479,76,Auto,4382650.84,22.36,6,778811.52,2184942.88,restructured,2021-03-26,2021-09-22
480,LN-10480,94,Auto,2322169.7,3.77,60,42525.69,1173378.28,paid,2019-03-01,2024-02-03
481,LN-10481,17,Personal,807940.13,23.76,6,144140.83,537656.25,restructured,2019-08-14,2020-02-10
482,LN-10482,90,Education,4341312.9,20.76,6,767989.33,1095946.93,restructured,2020-09-15,2021-03-14
483,LN-10483,15,Business,2643262.65,7.34,6,450023.01,262297.84,active,2019-12-14,2020-06-11
484,LN-10484,10,Auto,860385.44,14.89,36,29779.22,692314.14,paid,2019-01-13,2021-12-28
485,LN-10485,70,Business,4968920.74,7.51,240,40059.68,1691811.91,active,2022-04-24,2042-01-09
486,LN-10486,18,Housing,3774937.41,15.02,48,105097.61,3157281.74,defaulted,2019-04-18,2023-03-28
487,LN-10487,88,Education,222447.41,5.91,120,2459.58,152652.75,paid,2019-11-18,2029-09-26
488,LN-10488,14,Business,4983486.71,9.98,12,438081.3,4443010.12,active,2022-04-11,2023-04-06
489,LN-10489,15,Business,1372183.7,14.37,240,17433.36,1341852.59,defaulted,2021-04-30,2041-01-15
490,LN-10490,88,Auto,935063.59,8.44,48,23021.25,321388.38,defaulted,2019-03-13,2023-02-20
491,LN-10491,85,Housing,1133706.19,9.16,6,194031.16,781305.21,active,2019-05-19,2019-11-15
492,LN-10492,70,Personal,4827121.86,21.25,6,855113.06,3424207.83,paid,2020-08-25,2021-02-21
493,LN-10493,27,Personal,381212.81,9.62,48,9599.12,62655.52,defaulted,2022-12-24,2026-12-03
494,LN-10494,63,Personal,3032365.85,9.16,12,265409.92,2989904.56,restructured,2020-05-11,2021-05-06
495,LN-10495,25,Personal,1574778.03,10.61,60,33934.0,230995.24,restructured,2020-10-23,2025-09-27
496,LN-10496,90,Housing,2481390.51,4.98,12,212402.85,1369798.7,restructured,2023-01-22,2024-01-17
497,LN-10497,78,Housing,2324621.94,14.24,36,79721.31,1257969.38,active,2021-12-07,2024-11-21
498,LN-10498,87,Auto,4539999.94,10.82,12,400871.64,3221491.84,active,2021-05-04,2022-04-29
499,LN-10499,48,Personal,2213374.25,5.7,24,97799.17,443735.52,active,2021-07-01,2023-06-21
500,LN-10500,42,Business,3676364.62,4.73,120,38510.17,1048201.73,active,2022-03-12,2032-01-19
501,LN-10501,8,Personal,3498689.59,14.88,60,83013.36,1572105.93,active,2022-01-05,2026-12-10
502,LN-10502,61,Personal,4387937.73,16.9,24,216738.8,2810136.32,defaulted,2020-07-25,2022-07-15
503,LN-10503,1,Personal,2035359.75,22.82,120,43212.41,344435.95,active,2020-01-31,2029-12-09
504,LN-10504,71,Education,1594277.22,21.66,48,49935.61,1491482.9,restructured,2019-03-13,2023-02-20
505,LN-10505,59,Auto,4423061.99,22.41,48,140339.71,458515.51,restructured,2019-06-29,2023-06-08
506,LN-10506,38,Personal,876782.92,4.56,60,16369.81,398506.16,active,2022-02-21,2027-01-26
507,LN-10507,7,Auto,1376974.84,9.25,36,43947.82,99286.73,active,2021-06-10,2024-05-25
508,LN-10508,11,Auto,1139298.39,15.76,24,55653.03,244177.64,defaulted,2022-07-13,2024-07-02
509,LN-10509,97,Business,434706.68,19.12,120,8148.9,130991.5,restructured,2020-07-10,2030-05-19
510,LN-10510,94,Housing,4812129.77,9.31,48,120459.65,4500546.38,active,2022-04-21,2026-03-31
511,LN-10511,89,Housing,3486574.0,12.9,48,93363.09,2297560.19,active,2020-03-13,2024-02-21
512,LN-10512,71,Auto,4397415.78,14.75,48,121826.82,4300038.35,paid,2020-11-16,2024-10-26
513,LN-10513,30,Personal,4930448.45,11.99,24,232070.3,4359720.19,defaulted,2021-10-05,2023-09-25
514,LN-10514,63,Personal,357228.35,21.47,24,18438.98,342685.24,active,2020-09-16,2022-09-06
515,LN-10515,96,Education,3135253.62,16.17,6,547461.53,1631024.43,active,2022-11-27,2023-05-26
516,LN-10516,21,Auto,4217945.47,9.55,6,722701.48,1705620.54,defaulted,2022-03-15,2022-09-11
517,LN-10517,65,Education,3605177.21,7.28,24,161871.09,1186113.42,paid,2021-01-14,2023-01-04
518,LN-10518,55,Auto,208031.07,6.4,12,17942.76,63717.96,active,2022-11-15,2023-11-10
519,LN-10519,54,Personal,2944397.78,22.79,120,62451.31,2062912.49,defaulted,2021-08-12,2031-06-21
520,LN-10520,34,Personal,2849709.77,19.34,120,53831.04,703802.4,restructured,2023-02-08,2032-12-17
521,LN-10521,32,Education,4752008.85,11.59,48,124184.15,2573955.9,defaulted,2020-07-19,2024-06-28
522,LN-10522,72,Business,183953.94,16.62,12,16744.32,123121.1,active,2019-08-07,2020-08-01
523,LN-10523,5,Housing,451955.2,11.44,60,9926.07,449603.74,active,2019-02-13,2024-01-18
524,LN-10524,42,Personal,850293.64,13.66,24,40688.61,396715.81,defaulted,2021-09-12,2023-09-02
525,LN-10525,15,Business,3683961.06,5.81,36,111756.36,2259075.4,active,2019-12-11,2022-11-25
526,LN-10526,43,Housing,2643571.49,20.73,24,135491.31,2158368.83,paid,2020-12-08,2022-11-28
527,LN-10527,77,Auto,2848923.14,4.99,12,243876.08,2235209.6,active,2020-04-12,2021-04-07
528,LN-10528,24,Personal,4105703.1,8.82,36,130216.58,2232040.19,restructured,2023-02-08,2026-01-23
529,LN-10529,80,Education,4237504.51,7.34,240,33723.68,417798.56,paid,2019-07-06,2039-03-23
530,LN-10530,7,Housing,2565117.12,11.4,60,56284.92,2224874.67,active,2022-09-11,2027-08-16
531,LN-10531,68,Education,1281552.99,19.37,48,38569.25,374739.74,active,2022-11-28,2026-11-07
532,LN-10532,4,Education,3387745.49,13.26,6,586661.05,2550454.95,active,2021-05-15,2021-11-11
533,LN-10533,100,Housing,737972.14,18.79,36,26972.83,109585.48,defaulted,2021-08-11,2024-07-26
534,LN-10534,89,Housing,2978994.61,20.94,240,52814.48,2884433.98,active,2021-10-03,2041-06-20
535,LN-10535,17,Business,4079319.7,5.59,36,123344.4,1365183.51,restructured,2022-04-05,2025-03-20
536,LN-10536,3,Education,765494.14,21.05,60,20730.72,277301.44,paid,2022-04-27,2027-04-01
537,LN-10537,44,Business,3911047.12,5.51,120,42464.52,2356249.94,defaulted,2019-03-24,2029-01-30
538,LN-10538,57,Auto,805774.48,19.59,12,74484.5,209586.35,active,2019-02-24,2020-02-19
539,LN-10539,32,Housing,2661185.82,19.02,240,43170.83,273064.34,restructured,2021-09-09,2041-05-27
540,LN-10540,8,Housing,4341735.51,18.39,48,128424.99,3363457.36,defaulted,2022-01-08,2025-12-18
541,LN-10541,95,Business,4612388.59,10.25,24,213370.94,3798734.49,paid,2021-06-11,2023-06-01
542,LN-10542,18,Auto,464436.67,3.71,60,8492.66,150217.68,active,2019-06-24,2024-05-28
543,LN-10543,91,Personal,906454.8,19.85,36,33617.87,672890.16,restructured,2021-11-16,2024-10-31
544,LN-10544,15,Housing,4876755.05,4.84,36,145810.65,633710.42,defaulted,2022-11-17,2025-11-01
545,LN-10545,55,Housing,3870035.17,11.27,24,180859.48,2723412.34,paid,2022-03-08,2024-02-26
546,LN-10546,29,Education,2911323.84,19.73,24,147790.44,5384.76,active,2022-03-14,2024-03-03
547,LN-10547,96,Housing,808219.31,16.03,48,22917.58,678362.7,active,2019-01-10,2022-12-20
548,LN-10548,24,Personal,1474737.31,11.72,60,32596.43,770984.15,paid,2021-04-01,2026-03-06
549,LN-10549,8,Business,2206586.94,8.61,36,69769.04,226475.35,active,2020-09-03,2023-08-19
550,LN-10550,87,Housing,1498542.17,19.04,36,54960.9,28688.39,paid,2019-04-03,2022-03-18
551,LN-10551,71,Business,2949377.9,10.44,12,259901.12,1005154.6,paid,2020-01-19,2021-01-13
552,LN-10552,66,Personal,2590840.94,8.76,120,32484.11,1105432.78,defaulted,2019-03-19,2029-01-25
553,LN-10553,48,Auto,1413848.54,15.69,24,69017.18,1027488.81,active,2022-10-09,2024-09-28
554,LN-10554,21,Housing,2576846.3,23.9,240,51777.83,2281833.62,restructured,2021-02-09,2040-10-27
555,LN-10555,53,Personal,278786.26,17.94,48,8180.61,31937.78,paid,2019-02-01,2023-01-11
556,LN-10556,60,Education,1821968.48,19.7,12,168515.66,713115.76,active,2020-11-14,2021-11-09
557,LN-10557,7,Business,3122159.55,4.68,12,266822.59,74572.55,active,2021-01-10,2022-01-05
558,LN-10558,7,Personal,2645696.55,15.07,120,42797.82,1969715.4,paid,2022-07-20,2032-05-28
559,LN-10559,20,Business,3216961.95,15.35,24,156515.18,909048.78,defaulted,2021-10-03,2023-09-23
560,LN-10560,28,Education,1196628.58,6.52,48,28389.03,333798.17,active,2020-01-15,2023-12-25
561,LN-10561,56,Business,3767772.56,10.55,60,81077.48,691423.87,active,2019-08-14,2024-07-18
562,LN-10562,73,Personal,4897368.72,15.52,48,137591.82,1872299.24,defaulted,2019-06-07,2023-05-17
563,LN-10563,41,Education,4414474.88,11.66,120,62470.27,1206415.29,defaulted,2019-11-15,2029-09-23
564,LN-10564,69,Personal,2254779.25,8.77,240,19954.51,590017.29,active,2022-05-08,2042-01-23
565,LN-10565,72,Personal,3658051.57,21.79,240,67320.45,579055.54,paid,2020-04-29,2040-01-15
566,LN-10566,83,Housing,4336557.08,22.22,6,770316.37,809184.27,active,2021-03-13,2021-09-09
567,LN-10567,5,Personal,15506.12,4.66,24,677.92,12552.71,active,2019-10-25,2021-10-14
568,LN-10568,64,Auto,496941.68,18.05,48,14610.65,496303.35,active,2020-10-05,2024-09-14
569,LN-10569,28,Education,4057734.97,15.43,48,113816.24,2704992.63,paid,2020-06-26,2024-06-05
570,LN-10570,38,Auto,3094411.72,12.46,6,534639.3,2554672.02,active,2020-08-09,2021-02-05
571,LN-10571,30,Housing,3963891.89,18.47,12,364296.81,1919546.02,active,2022-04-16,2023-04-11
572,LN-10572,45,Personal,3018661.91,6.93,120,34940.42,832580.56,paid,2022-02-16,2031-12-26
573,LN-10573,41,Personal,4657049.74,7.64,120,55620.88,52881.73,defaulted,2019-05-23,2029-03-31
574,LN-10574,9,Personal,851812.4,15.93,12,77257.46,674625.36,active,2022-08-26,2023-08-21
575,LN-10575,81,Auto,2415629.8,9.6,120,31390.07,1222683.16,active,2020-06-06,2030-04-15
576,LN-10576,10,Auto,4792453.35,5.71,60,92006.68,4502719.19,paid,2019-08-17,2024-07-21
577,LN-10577,13,Auto,1085355.51,13.75,24,51982.95,473109.88,active,2021-04-10,2023-03-31
578,LN-10578,89,Education,783693.21,19.07,12,72248.67,39058.42,active,2019-11-28,2020-11-22
579,LN-10579,12,Housing,3452201.09,20.17,48,105364.67,2095963.57,active,2019-11-14,2023-10-24
580,LN-10580,29,Housing,2107588.62,7.97,24,95291.69,1330517.33,active,2020-05-17,2022-05-07
581,LN-10581,35,Education,4322425.7,17.24,240,64191.44,4025000.55,active,2019-01-11,2038-09-28
582,LN-10582,58,Personal,120552.73,7.47,24,5423.18,35276.91,active,2021-02-16,2023-02-06
583,LN-10583,71,Business,3164580.92,22.56,120,66621.72,171837.06,active,2022-06-18,2032-04-26
584,LN-10584,26,Business,2491788.6,23.68,240,49627.26,603595.41,restructured,2022-02-24,2041-11-11
585,LN-10585,17,Personal,1583568.81,8.7,240,13943.69,1235898.58,paid,2019-07-30,2039-04-16
586,LN-10586,96,Personal,4123493.67,14.16,120,64421.3,502735.85,paid,2021-10-04,2031-08-13
587,LN-10587,47,Auto,4997177.33,11.86,6,861909.11,357443.26,paid,2020-02-01,2020-07-30
588,LN-10588,38,Personal,4224733.35,6.82,12,365201.96,1786867.15,restructured,2021-12-08,2022-12-03
589,LN-10589,67,Business,4315514.63,9.59,24,198323.45,515947.66,active,2020-09-16,2022-09-06
590,LN-10590,47,Business,1908804.54,12.98,240,22335.9,1237199.69,restructured,2019-06-08,2039-02-23
591,LN-10591,80,Business,4396566.16,7.44,120,52050.44,3457235.55,active,2022-07-13,2032-05-21
592,LN-10592,54,Personal,400269.29,9.15,60,8338.1,246112.09,active,2022-01-26,2026-12-31
593,LN-10593,60,Housing,1588382.07,19.86,6,280274.57,267823.51,active,2020-11-13,2021-05-12
594,LN-10594,29,Auto,1929957.92,23.8,48,62706.97,1634700.54,active,2020-02-03,2024-01-13
595,LN-10595,6,Housing,2254283.15,17.36,48,65468.06,1166629.65,active,2021-05-13,2025-04-22
596,LN-10596,92,Business,2976721.46,22.85,240,57301.32,2173419.62,paid,2022-01-07,2041-09-24
597,LN-10597,32,Auto,2024744.01,10.38,48,51723.03,1661985.03,restructured,2019-04-24,2023-04-03
598,LN-10598,68,Housing,203361.38,4.4,6,34329.86,21882.86,active,2020-06-10,2020-12-07
599,LN-10599,9,Business,3727660.91,17.8,240,56956.32,2435501.31,restructured,2021-11-28,2041-08-15
600,LN-10600,48,Business,1897795.8,17.41,24,94205.62,1522538.21,defaulted,2022-03-25,2024-03-14
601,LN-10601,27,Housing,1227706.2,16.76,60,30353.45,634932.8,paid,2021-08-13,2026-07-18
602,LN-10602,31,Education,3819694.41,3.52,24,165055.1,1916491.79,defaulted,2021-01-03,2022-12-24
603,LN-10603,19,Education,711437.64,20.43,12,66050.17,66806.45,defaulted,2020-09-19,2021-09-14
604,LN-10604,9,Housing,4561128.67,19.77,48,138238.48,277792.31,paid,2020-07-04,2024-06-13
605,LN-10605,52,Auto,210408.37,3.59,36,6173.79,189711.42,paid,2020-10-04,2023-09-19
606,LN-10606,91,Business,2701902.83,10.87,120,37020.17,2157635.47,defaulted,2019-11-06,2029-09-14
607,LN-10607,38,Business,3513510.5,17.67,6,616132.25,999338.69,active,2020-05-17,2020-11-13
608,LN-10608,9,Business,280752.94,16.74,6,49103.16,254313.81,defaulted,2021-04-01,2021-09-28
609,LN-10609,66,Housing,1505637.74,8.96,48,37439.27,1198608.13,defaulted,2020-03-05,2024-02-13
610,LN-10610,97,Auto,3135776.03,7.21,24,140695.5,351019.51,restructured,2021-04-04,2023-03-25
611,LN-10611,14,Business,625209.56,15.66,120,10340.99,205879.33,restructured,2020-10-18,2030-08-27
612,LN-10612,80,Housing,4845254.34,9.66,24,222824.32,1308034.34,restructured,2019-06-27,2021-06-16
613,LN-10613,25,Business,4335605.02,9.24,12,379637.76,2130760.57,active,2021-07-11,2022-07-06
614,LN-10614,30,Auto,3541410.87,17.04,120,61638.68,2598620.26,active,2019-02-13,2028-12-22
615,LN-10615,87,Housing,3261220.92,19.34,24,164932.86,1545802.38,defaulted,2022-07-31,2024-07-20
616,LN-10616,68,Auto,626940.3,15.65,120,10365.74,295470.86,paid,2022-01-01,2031-11-10
617,LN-10617,18,Personal,3636208.79,8.27,240,31028.55,245266.4,defaulted,2020-09-25,2040-06-12
618,LN-10618,29,Business,3120507.63,4.76,6,527328.93,1226036.86,defaulted,2019-02-26,2019-08-25
619,LN-10619,78,Personal,3066477.24,13.93,6,532043.97,2439943.2,active,2021-03-16,2021-09-12
620,LN-10620,1,Business,1043685.57,12.96,60,23725.69,309256.13,active,2020-04-10,2025-03-15
621,LN-10621,16,Auto,773443.76,14.56,24,37340.21,352069.86,restructured,2020-08-10,2022-07-31
622,LN-10622,70,Education,2901646.41,17.13,12,264822.99,1715703.43,active,2022-08-25,2023-08-20
623,LN-10623,92,Personal,2918225.67,19.48,240,48387.15,1353570.65,active,2022-02-07,2041-10-25
624,LN-10624,45,Housing,141750.81,20.06,60,3760.26,123334.1,defaulted,2019-11-10,2024-10-14
625,LN-10625,58,Education,3050325.47,20.85,120,60678.45,3023864.8,paid,2021-11-06,2031-09-15
626,LN-10626,93,Personal,3525036.13,10.73,6,606028.9,2237680.71,active,2022-09-01,2023-02-28
627,LN-10627,28,Education,4376806.05,12.19,12,389263.05,3300618.32,active,2021-03-31,2022-03-26
628,LN-10628,64,Housing,3778623.54,21.79,24,195636.38,21269.93,active,2021-03-21,2023-03-11
629,LN-10629,75,Auto,434737.43,17.83,12,39821.56,332961.99,paid,2021-10-04,2022-09-29
630,LN-10630,7,Auto,509226.25,21.1,12,47440.42,382488.89,restructured,2021-12-02,2022-11-27
631,LN-10631,83,Personal,1394965.81,11.52,240,14895.56,977273.62,defaulted,2021-07-06,2041-03-23
632,LN-10632,83,Personal,2893413.01,4.64,12,247220.72,258279.1,restructured,2022-11-18,2023-11-13
633,LN-10633,30,Auto,1200458.2,14.58,6,208670.23,60867.31,paid,2021-06-30,2021-12-27
634,LN-10634,13,Education,2080699.76,9.9,120,27381.51,876702.48,active,2022-10-18,2032-08-26
635,LN-10635,40,Personal,2689118.27,7.49,6,458028.15,2523603.25,paid,2021-12-05,2022-06-03
636,LN-10636,37,Business,605983.16,18.94,240,9792.81,45568.65,paid,2020-02-08,2039-10-26
637,LN-10637,95,Housing,1669596.51,19.26,240,27396.93,476040.36,active,2022-05-10,2042-01-25
638,LN-10638,5,Auto,402075.62,15.38,48,11267.67,179075.2,restructured,2022-09-13,2026-08-23
639,LN-10639,10,Housing,2102909.56,23.71,24,110878.99,1432545.42,defaulted,2022-03-14,2024-03-03
640,LN-10640,75,Education,4448361.91,19.87,6,784948.43,3050879.13,restructured,2021-01-17,2021-07-16
641,LN-10641,18,Housing,951975.19,10.23,24,44029.95,874023.85,active,2022-04-09,2024-03-29
642,LN-10642,56,Education,2402721.36,21.15,240,42997.16,848637.1,active,2021-04-16,2041-01-01
643,LN-10643,39,Housing,139436.76,13.42,12,12481.6,113227.07,defaulted,2021-07-25,2022-07-20
644,LN-10644,18,Housing,390528.29,16.75,36,13874.86,117175.23,active,2020-09-15,2023-08-31
645,LN-10645,57,Housing,474279.38,23.22,48,15258.58,167095.34,active,2020-06-13,2024-05-23
646,LN-10646,84,Personal,3571913.28,4.86,120,37641.72,2494474.61,active,2019-12-30,2029-11-07
647,LN-10647,78,Business,718633.59,17.12,48,20780.85,176917.48,defaulted,2022-03-18,2026-02-25
648,LN-10648,15,Business,3137702.47,23.22,240,61331.26,3082252.47,defaulted,2021-03-23,2040-12-08
649,LN-10649,21,Auto,335879.73,20.38,36,12547.62,45985.31,active,2021-02-18,2024-02-03
650,LN-10650,100,Auto,2986891.82,17.38,240,44676.93,2024776.44,paid,2019-07-16,2039-04-02
651,LN-10651,80,Personal,2891891.89,15.67,6,504248.7,1715090.06,defaulted,2019-01-27,2019-07-26
652,LN-10652,52,Education,4316941.78,8.5,36,136275.22,530743.12,defaulted,2021-04-23,2024-04-07
653,LN-10653,80,Business,237941.54,15.17,120,3863.64,93925.86,paid,2022-05-20,2032-03-28
654,LN-10654,51,Education,2927242.97,11.47,60,64333.63,1832516.52,active,2022-02-07,2027-01-12
655,LN-10655,50,Education,4901720.56,18.36,60,125433.42,278910.1,defaulted,2022-08-28,2027-08-02
656,LN-10656,88,Business,1011153.9,23.81,60,28977.43,919518.07,paid,2019-08-18,2024-07-22
657,LN-10657,18,Business,985003.64,9.68,120,12842.98,967118.47,paid,2022-11-27,2032-10-05
658,LN-10658,13,Education,3827408.62,19.45,12,353543.4,1620430.56,paid,2022-05-01,2023-04-26
659,LN-10659,56,Personal,4748647.51,9.82,120,62281.36,3617202.09,restructured,2022-06-21,2032-04-29
660,LN-10660,19,Business,1241436.53,6.31,48,29331.94,194197.27,active,2023-02-01,2027-01-11
661,LN-10661,3,Education,4759205.76,6.71,24,212456.78,845826.6,paid,2022-03-13,2024-03-02
662,LN-10662,65,Personal,1533117.38,4.23,6,258681.28,538639.8,paid,2021-03-14,2021-09-10
663,LN-10663,75,Business,2526238.15,6.4,24,112420.3,347772.41,paid,2019-02-18,2021-02-07
664,LN-10664,11,Housing,2776450.42,12.61,24,131489.48,799219.01,defaulted,2020-01-09,2021-12-29
665,LN-10665,99,Business,2638918.43,20.7,24,135214.0,1392271.89,restructured,2019-05-07,2021-04-26
666,LN-10666,98,Business,907369.97,15.59,240,12345.56,485189.58,active,2019-05-29,2039-02-13
667,LN-10667,44,Personal,953188.32,6.57,120,10857.24,80033.32,active,2021-02-04,2030-12-14
668,LN-10668,99,Business,3714764.64,10.73,60,80268.69,1594096.99,active,2020-02-04,2025-01-08
669,LN-10669,58,Personal,2431038.87,9.44,36,77805.18,347646.6,active,2019-05-11,2022-04-25
670,LN-10670,86,Business,1176866.33,15.59,120,19414.41,1502.1,defaulted,2020-08-31,2030-07-10
671,LN-10671,35,Education,438878.85,15.9,60,10649.38,299145.17,active,2022-01-22,2026-12-27
672,LN-10672,56,Auto,1383578.89,23.48,36,53904.71,144615.89,active,2021-04-16,2024-03-31
673,LN-10673,57,Education,2254224.28,16.16,120,37986.29,1363529.63,active,2022-04-10,2032-02-17
674,LN-10674,41,Housing,4012554.33,13.47,24,191651.17,678709.26,active,2019-02-28,2021-02-17
675,LN-10675,16,Auto,396530.51,23.6,24,20885.92,9326.78,active,2022-04-24,2024-04-13
676,LN-10676,69,Business,1048201.4,19.01,36,38428.19,840017.08,defaulted,2023-01-24,2026-01-08
677,LN-10677,92,Housing,2790844.01,9.05,120,35428.8,1739686.59,active,2020-07-24,2030-06-02
678,LN-10678,67,Auto,3093017.76,17.74,240,47116.92,1276626.04,defaulted,2021-10-25,2041-07-12
679,LN-10679,74,Education,3722002.13,6.03,24,165011.72,61549.88,paid,2022-09-18,2024-09-07
680,LN-10680,47,Education,3701390.69,13.92,36,126360.99,1784730.62,paid,2020-01-18,2023-01-02
681,LN-10681,59,Auto,1916720.7,11.45,120,26893.42,1174740.79,active,2019-03-31,2029-02-06
682,LN-10682,2,Business,4641816.4,21.98,120,95881.69,861301.12,defaulted,2020-07-24,2030-06-02
683,LN-10683,97,Auto,1911206.23,3.91,24,82917.44,1048162.07,active,2021-03-28,2023-03-18
684,LN-10684,21,Housing,4071952.58,9.03,60,84586.34,1975302.54,paid,2022-02-11,2027-01-16
685,LN-10685,54,Housing,3403734.73,21.96,24,176512.25,698046.86,active,2019-03-03,2021-02-20
686,LN-10686,80,Education,342725.58,17.82,48,10035.36,33768.95,defaulted,2019-01-22,2023-01-01
687,LN-10687,52,Business,1550743.85,18.46,6,272550.09,785845.69,paid,2022-04-30,2022-10-27
688,LN-10688,66,Auto,2089417.37,4.13,60,38602.5,1154150.03,defaulted,2019-07-25,2024-06-28
689,LN-10689,40,Education,885215.0,14.54,48,24430.28,602835.61,active,2019-12-06,2023-11-15
690,LN-10690,47,Business,3451184.87,22.46,60,96222.79,1948336.6,restructured,2020-09-28,2025-09-02
691,LN-10691,66,Auto,4969043.37,20.35,12,461137.65,2513982.15,paid,2022-04-26,2023-04-21
692,LN-10692,2,Housing,4691514.79,5.71,48,109557.66,3653869.47,defaulted,2019-04-04,2023-03-14
693,LN-10693,84,Personal,3012457.85,22.93,36,116501.53,1724012.39,active,2020-10-20,2023-10-05
694,LN-10694,12,Business,2680702.57,4.54,12,228923.49,2009600.93,paid,2022-12-01,2023-11-26
695,LN-10695,96,Auto,3335717.4,5.8,240,23514.84,1160648.71,active,2022-02-20,2041-11-07
696,LN-10696,83,Education,2137368.73,12.83,48,57160.07,716961.72,defaulted,2021-08-26,2025-08-05
697,LN-10697,38,Housing,4075250.73,5.66,12,350105.74,265346.27,paid,2019-11-08,2020-11-02
698,LN-10698,68,Education,191285.39,16.1,36,6734.47,100509.87,defaulted,2019-06-19,2022-06-03
699,LN-10699,62,Education,1004523.75,20.64,12,93361.53,948012.78,active,2021-03-24,2022-03-19
700,LN-10700,25,Business,4705639.31,19.06,240,76483.23,1523597.38,active,2022-02-14,2041-11-01
701,LN-10701,53,Personal,1421380.01,13.76,60,32896.44,549002.76,active,2021-02-18,2026-01-23
702,LN-10702,12,Education,2634824.45,3.98,48,59468.27,2165996.93,active,2022-04-21,2026-03-31
703,LN-10703,76,Auto,4192322.88,15.51,240,56790.27,4033892.9,defaulted,2022-07-09,2042-03-26
704,LN-10704,62,Personal,2367759.76,19.7,240,39667.26,1308242.64,paid,2020-10-30,2040-07-17
705,LN-10705,13,Education,3287073.51,11.7,60,72621.79,481897.0,paid,2020-12-27,2025-12-01
706,LN-10706,97,Personal,1462036.31,15.39,6,254726.72,1328543.16,restructured,2020-04-17,2020-10-14
707,LN-10707,48,Housing,1703080.68,10.76,120,23229.17,744578.02,active,2019-03-26,2029-02-01
708,LN-10708,57,Personal,3729103.97,7.17,12,322959.56,1406903.23,active,2020-08-02,2021-07-28
709,LN-10709,67,Housing,2290546.27,4.66,240,14689.7,1733847.98,active,2022-12-01,2042-08-18
710,LN-10710,37,Auto,976251.44,9.01,36,31049.08,802253.33,restructured,2019-11-09,2022-10-24
711,LN-10711,39,Education,2199012.42,6.97,120,25498.41,758646.53,restructured,2021-09-10,2031-07-20
712,LN-10712,18,Education,809630.37,10.34,36,26253.93,761896.3,restructured,2021-02-13,2024-01-29
713,LN-10713,2,Personal,2548454.17,12.01,12,226438.99,433138.7,active,2019-10-10,2020-10-04
714,LN-10714,47,Housing,3047321.3,15.0,48,84809.23,2270915.85,active,2021-05-05,2025-04-14
715,LN-10715,57,Auto,3663701.13,9.63,24,168436.24,3176102.73,active,2019-02-28,2021-02-17
716,LN-10716,67,Auto,4049918.74,13.49,120,61645.73,3355368.75,paid,2021-12-06,2031-10-15
717,LN-10717,35,Auto,1757497.75,10.37,60,37662.4,1582176.06,active,2020-09-30,2025-09-04
718,LN-10718,40,Auto,3696376.36,4.59,240,23565.06,127554.0,paid,2022-05-05,2042-01-20
719,LN-10719,10,Business,1425952.49,21.87,48,44825.59,1358158.69,restructured,2021-10-01,2025-09-10
720,LN-10720,80,Business,4504484.57,12.25,6,777798.02,4280604.78,paid,2021-05-19,2021-11-15
721,LN-10721,58,Auto,3991818.07,12.27,24,188412.45,1223810.51,restructured,2022-01-29,2024-01-19
722,LN-10722,99,Auto,1936561.63,12.12,24,91269.24,1384330.52,restructured,2020-09-09,2022-08-30
723,LN-10723,25,Auto,4946191.18,17.43,36,177405.53,1762990.11,active,2020-03-03,2023-02-16
724,LN-10724,37,Housing,3542832.19,22.46,48,112507.38,2220456.13,restructured,2020-02-08,2024-01-18
725,LN-10725,2,Auto,2443621.38,17.1,6,427822.31,1313671.8,defaulted,2019-07-07,2020-01-03
726,LN-10726,76,Auto,2460182.97,4.11,48,55669.79,1070541.52,defaulted,2022-06-06,2026-05-16
727,LN-10727,58,Housing,4074296.51,6.81,36,125448.81,1787294.03,active,2019-12-17,2022-12-01
728,LN-10728,62,Education,4793137.39,19.48,6,844853.56,3544253.12,paid,2020-09-16,2021-03-15
729,LN-10729,98,Auto,2257648.81,9.55,60,47470.01,1241338.68,active,2019-10-08,2024-09-11
730,LN-10730,28,Education,1806464.84,8.96,36,57411.47,1374398.58,defaulted,2019-03-25,2022-03-09
731,LN-10731,79,Personal,3166848.37,19.76,120,60698.06,611123.24,restructured,2022-07-09,2032-05-17
732,LN-10732,54,Personal,1979406.53,14.07,36,67718.74,1857790.04,active,2022-05-25,2025-05-09
733,LN-10733,69,Personal,1288763.93,23.44,36,50183.73,399591.71,active,2020-09-15,2023-08-31
734,LN-10734,33,Auto,3105442.53,12.31,6,536314.85,1501429.73,active,2022-08-08,2023-02-04
735,LN-10735,31,Education,195477.41,14.28,12,17577.12,160007.36,active,2023-01-18,2024-01-13
736,LN-10736,85,Auto,3233440.75,18.67,6,568630.0,1490392.7,restructured,2021-04-11,2021-10-08
737,LN-10737,30,Business,4940580.06,11.42,12,437625.16,692646.82,active,2019-12-13,2020-12-07
738,LN-10738,57,Education,1211798.82,20.62,48,37276.96,629004.71,restructured,2021-06-29,2025-06-08
739,LN-10739,76,Personal,3569621.72,21.42,12,333100.91,1090026.8,paid,2021-04-18,2022-04-13
740,LN-10740,40,Education,1118278.18,19.75,240,18778.38,804869.12,active,2020-09-16,2040-06-03
741,LN-10741,88,Education,1159073.1,10.79,240,11798.61,757663.07,active,2019-01-09,2038-09-26
742,LN-10742,78,Business,3320928.22,12.4,36,110937.87,2099588.43,active,2020-05-27,2023-05-12
743,LN-10743,66,Housing,1754036.79,18.47,36,63826.96,935512.43,paid,2019-06-23,2022-06-07
744,LN-10744,51,Personal,4099281.6,13.18,6,709716.53,1084954.28,active,2022-11-10,2023-05-09
745,LN-10745,63,Business,578729.24,21.02,36,21809.61,346726.02,active,2019-02-02,2022-01-17
746,LN-10746,19,Education,2783539.09,6.91,6,473317.9,2159626.07,active,2022-02-04,2022-08-03
747,LN-10747,64,Business,4267691.49,13.12,36,144042.19,4101591.39,active,2021-11-17,2024-11-01
748,LN-10748,91,Housing,1949408.74,15.46,240,26334.62,654474.0,defaulted,2023-01-17,2042-10-04
749,LN-10749,2,Business,2297783.6,19.74,48,69604.48,489021.3,active,2022-11-02,2026-10-12
750,LN-10750,54,Business,4348662.32,12.23,120,62970.23,746023.85,paid,2019-10-24,2029-09-01
751,LN-10751,56,Business,1955215.54,10.54,48,50097.9,573276.24,paid,2021-05-31,2025-05-10
752,LN-10752,49,Business,39477.92,11.48,120,554.59,8704.98,defaulted,2021-12-07,2031-10-16
753,LN-10753,44,Personal,2941073.57,10.28,120,39323.95,11278.11,restructured,2022-01-14,2031-11-23
754,LN-10754,46,Business,4274889.34,13.09,60,97463.94,2089006.99,active,2020-06-21,2025-05-26
755,LN-10755,48,Auto,3101462.62,9.03,36,98668.99,381965.54,paid,2022-03-12,2025-02-24
756,LN-10756,29,Education,4961559.46,11.79,36,164297.57,299899.63,paid,2021-09-06,2024-08-21
757,LN-10757,68,Auto,3522461.45,5.33,24,155056.39,2010532.11,active,2023-02-09,2025-01-29
758,LN-10758,72,Auto,2261438.4,10.66,36,73673.01,158698.59,active,2022-12-03,2025-11-17
759,LN-10759,72,Auto,583755.43,6.52,120,6634.37,383046.82,restructured,2020-11-17,2030-09-26
760,LN-10760,50,Business,1629652.9,18.49,12,149786.86,1181384.48,paid,2022-05-02,2023-04-27
761,LN-10761,27,Personal,2541249.53,15.78,24,124160.52,1747228.94,active,2019-08-06,2021-07-26
762,LN-10762,20,Auto,1284692.17,4.53,120,13332.93,515552.08,active,2019-03-19,2029-01-25
763,LN-10763,68,Education,252582.68,10.98,12,22321.32,206488.66,active,2021-12-07,2022-12-02
764,LN-10764,27,Housing,2181091.45,12.87,36,73353.09,1175860.0,active,2020-07-30,2023-07-15
765,LN-10765,77,Business,1876458.06,6.22,36,57272.73,1863505.18,active,2021-10-28,2024-10-12
766,LN-10766,5,Housing,2686837.77,19.11,240,43775.15,737528.26,active,2022-08-13,2042-04-30
767,LN-10767,23,Auto,3455020.81,11.63,120,48833.33,3360813.11,active,2021-10-22,2031-08-31
768,LN-10768,77,Business,926955.37,22.6,240,17658.2,528935.61,defaulted,2019-06-21,2039-03-08
769,LN-10769,18,Auto,3248272.98,13.59,120,49637.11,1464694.29,active,2021-09-19,2031-07-29
770,LN-10770,89,Auto,1223402.04,20.14,12,113411.23,1063381.37,restructured,2019-02-02,2020-01-28
771,LN-10771,60,Auto,493247.18,15.42,60,11843.34,35350.43,active,2019-08-27,2024-07-31
772,LN-10772,49,Business,2126524.7,5.85,240,15051.64,1039202.27,active,2019-07-24,2039-04-10
773,LN-10773,55,Housing,4173469.52,16.88,24,206105.22,3474312.24,active,2019-12-29,2021-12-18
774,LN-10774,17,Education,2735543.09,15.29,120,44620.94,2007030.29,defaulted,2022-08-31,2032-07-09
775,LN-10775,90,Personal,3214833.74,4.19,60,59482.1,3068896.42,restructured,2022-02-02,2027-01-07
776,LN-10776,68,Business,2945642.71,20.9,36,110826.1,28227.34,active,2021-06-21,2024-06-05
777,LN-10777,32,Education,301807.6,15.65,24,14727.02,279836.88,defaulted,2019-12-28,2021-12-17
778,LN-10778,98,Housing,4370259.85,6.57,6,742397.67,2190650.76,paid,2021-12-02,2022-05-31
779,LN-10779,99,Auto,58799.91,4.16,120,599.8,33717.53,paid,2020-03-26,2030-02-02
780,LN-10780,88,Business,4449141.3,6.63,12,384211.25,2373463.64,active,2020-10-06,2021-10-01
781,LN-10781,37,Personal,1897489.97,9.95,60,40269.39,500096.82,active,2020-09-24,2025-08-29
782,LN-10782,67,Personal,3301002.01,3.95,60,60718.52,2468549.35,restructured,2023-01-22,2027-12-27
783,LN-10783,37,Auto,96731.95,8.95,60,2005.65,73540.03,restructured,2021-02-05,2026-01-10
784,LN-10784,81,Business,2418363.19,7.44,6,411851.99,780910.87,active,2019-07-11,2020-01-07
785,LN-10785,70,Housing,1146059.58,22.63,60,32064.8,574433.74,paid,2019-01-29,2024-01-03
786,LN-10786,25,Business,3308498.85,9.73,36,106337.05,1090534.32,active,2020-07-05,2023-06-20
787,LN-10787,53,Personal,1245324.37,20.98,36,46904.89,1204991.19,active,2019-12-08,2022-11-22
788,LN-10788,65,Personal,918387.89,17.98,12,84189.05,263299.2,active,2019-01-21,2020-01-16
789,LN-10789,1,Housing,21409.69,17.14,36,764.81,13515.05,active,2021-03-11,2024-02-24
790,LN-10790,48,Business,2922043.68,21.85,36,111367.55,1604701.03,restructured,2022-07-08,2025-06-22
791,LN-10791,98,Business,2910377.98,20.4,60,77756.4,2689529.75,active,2020-03-23,2025-02-25
792,LN-10792,99,Personal,4979044.84,21.31,36,188379.28,3369114.79,defaulted,2021-09-30,2024-09-14
793,LN-10793,18,Auto,4684259.7,17.06,48,135309.96,351360.27,defaulted,2022-01-12,2025-12-22
794,LN-10794,87,Education,4278609.66,4.14,6,721737.02,2438091.92,active,2019-05-07,2019-11-03
795,LN-10795,12,Personal,132053.14,11.63,12,11709.92,47898.37,active,2020-08-23,2021-08-18
796,LN-10796,37,Personal,1984815.78,13.69,48,53929.88,920378.54,active,2022-06-18,2026-05-28
797,LN-10797,4,Housing,2973242.55,5.1,240,19786.7,88694.87,paid,2021-05-10,2041-01-25
798,LN-10798,52,Housing,617614.01,15.82,12,55984.05,186563.76,restructured,2020-01-19,2021-01-13
799,LN-10799,54,Auto,764076.74,12.69,12,68134.17,708466.44,active,2021-09-01,2022-08-27
800,LN-10800,26,Housing,1244568.27,11.48,12,110275.86,315421.54,paid,2022-08-03,2023-07-29
801,LN-10801,30,Education,2924435.64,18.36,36,106254.24,957059.56,restructured,2021-02-14,2024-01-30
802,LN-10802,66,Education,3199753.89,14.67,120,50978.5,1722456.98,active,2022-05-08,2032-03-16
803,LN-10803,50,Education,1922657.44,7.33,240,15289.56,1150430.29,restructured,2022-04-20,2042-01-05
804,LN-10804,81,Business,1277721.95,13.26,12,114278.56,1230833.99,active,2021-07-27,2022-07-22
805,LN-10805,9,Personal,4283451.08,7.05,12,370731.82,633138.98,restructured,2020-03-07,2021-03-02
806,LN-10806,84,Personal,3828199.89,13.25,60,87594.02,2382251.61,restructured,2020-03-10,2025-02-12
807,LN-10807,27,Auto,1738976.09,21.76,60,47791.63,316572.49,restructured,2021-10-15,2026-09-19
808,LN-10808,21,Education,2708522.24,10.09,24,125097.1,2454737.74,active,2022-09-03,2024-08-23
809,LN-10809,26,Auto,3362927.54,5.79,120,36981.73,1566478.65,restructured,2020-05-06,2030-03-15
810,LN-10810,59,Auto,4764547.22,15.92,48,134833.47,3076802.61,active,2021-06-17,2025-05-27
811,LN-10811,21,Housing,421040.68,11.89,36,13962.47,417067.18,active,2022-06-19,2025-06-03
812,LN-10812,80,Housing,4561076.02,20.78,120,90516.92,2685125.09,defaulted,2020-04-15,2030-02-22
813,LN-10813,40,Education,1690096.2,19.75,60,44542.44,729652.39,defaulted,2022-10-07,2027-09-11
814,LN-10814,74,Personal,579851.48,16.58,24,28552.29,22244.8,active,2020-08-25,2022-08-15
815,LN-10815,35,Auto,4072531.33,8.55,240,35471.36,3976530.19,active,2022-01-10,2041-09-27
816,LN-10816,82,Education,904406.51,18.47,240,14285.78,162800.56,paid,2019-07-15,2039-04-01
817,LN-10817,89,Business,3144569.29,20.05,48,95774.17,2643917.85,defaulted,2022-10-28,2026-10-07
818,LN-10818,62,Auto,3998240.21,8.76,24,182218.62,2997674.18,paid,2020-12-16,2022-12-06
819,LN-10819,83,Business,2722589.47,11.98,6,469751.46,2401286.59,active,2019-08-24,2020-02-20
820,LN-10820,49,Personal,835926.76,23.7,48,27114.29,601642.66,defaulted,2021-09-27,2025-09-06
821,LN-10821,73,Personal,3430240.44,16.51,120,58555.97,2114027.55,paid,2022-12-20,2032-10-28
822,LN-10822,10,Business,404771.11,22.57,12,37995.43,191022.99,active,2022-06-21,2023-06-16
823,LN-10823,56,Personal,2923973.92,21.9,12,273526.82,359623.12,active,2022-07-16,2023-07-11
824,LN-10824,99,Auto,4015938.35,13.76,36,136787.6,1672649.16,defaulted,2020-12-11,2023-11-26
825,LN-10825,84,Business,1843825.59,18.4,48,54548.53,625451.77,restructured,2020-10-28,2024-10-07
826,LN-10826,78,Business,3484541.75,15.94,36,122402.95,2858511.4,active,2020-05-14,2023-04-29
827,LN-10827,90,Business,4129505.19,18.84,6,726561.14,3403315.59,paid,2021-12-01,2022-05-30
828,LN-10828,19,Business,1464158.52,12.49,240,16624.58,575891.41,defaulted,2020-03-09,2039-11-25
829,LN-10829,50,Education,1756535.63,11.34,240,18538.94,1101188.62,defaulted,2021-01-19,2040-10-06
830,LN-10830,42,Housing,2211226.17,23.53,24,116391.89,1613372.95,active,2023-01-31,2025-01-20
831,LN-10831,28,Business,3265295.72,17.66,36,117492.08,139621.03,paid,2021-09-02,2024-08-17
832,LN-10832,97,Personal,3502472.14,21.23,24,180372.73,542825.44,active,2022-02-26,2024-02-16
833,LN-10833,98,Housing,3454375.66,19.53,60,90618.8,2138639.42,active,2019-10-22,2024-09-25
834,LN-10834,41,Education,133123.72,15.41,12,12041.29,28291.93,defaulted,2021-10-17,2022-10-12
835,LN-10835,95,Personal,633914.84,23.44,6,112992.0,532193.16,defaulted,2022-08-30,2023-02-26
836,LN-10836,43,Auto,2934229.43,23.44,6,523011.01,965297.06,active,2020-03-10,2020-09-06
837,LN-10837,73,Personal,1440821.07,10.56,36,46870.98,988115.05,active,2021-10-07,2024-09-21
838,LN-10838,87,Personal,1583819.97,5.68,6,268360.31,450487.78,active,2020-04-14,2020-10-11
839,LN-10839,22,Education,30948.74,5.02,120,328.56,29186.87,defaulted,2020-01-31,2029-12-09
840,LN-10840,10,Housing,1394208.1,9.66,60,29390.1,446157.37,paid,2023-01-09,2027-12-14
841,LN-10841,77,Auto,2295552.25,19.45,6,404586.93,2246207.7,active,2023-01-06,2023-07-05
842,LN-10842,73,Housing,1624772.89,22.33,6,288703.09,586894.7,restructured,2019-07-05,2020-01-01
843,LN-10843,15,Auto,4461770.37,21.96,60,123127.79,1274612.61,active,2019-06-02,2024-05-06
844,LN-10844,86,Housing,2151736.8,10.31,36,69744.09,1054925.08,paid,2022-05-04,2025-04-18
845,LN-10845,78,Personal,4305878.98,15.79,24,210397.43,2026366.08,active,2021-01-25,2023-01-15
846,LN-10846,72,Housing,2426705.53,9.68,120,31640.62,646034.82,defaulted,2021-04-03,2031-02-10
847,LN-10847,80,Auto,2773121.82,5.62,48,64644.81,228364.4,paid,2020-07-20,2024-06-29
848,LN-10848,87,Personal,1570787.13,6.99,12,135907.86,1368231.26,active,2022-11-09,2023-11-04
849,LN-10849,23,Personal,3693647.93,6.12,60,71614.84,2150344.81,paid,2020-07-26,2025-06-30
850,LN-10850,17,Housing,581969.61,23.22,6,103668.81,178881.96,paid,2019-09-16,2020-03-14
851,LN-10851,60,Education,683049.12,22.39,36,26223.97,653854.0,restructured,2019-02-07,2022-01-22
852,LN-10852,88,Personal,4240596.33,16.03,36,149149.6,2552072.08,restructured,2021-12-03,2024-11-17
853,LN-10853,92,Business,3638530.16,11.98,36,120816.51,1795579.26,restructured,2022-11-05,2025-10-20
854,LN-10854,12,Housing,3604512.01,23.25,48,116024.19,2144594.92,defaulted,2021-04-05,2025-03-15
855,LN-10855,1,Personal,1239003.0,18.95,36,45385.6,1004308.14,restructured,2019-09-01,2022-08-16
856,LN-10856,78,Business,3399390.92,17.84,24,169448.85,2323962.33,active,2021-05-17,2023-05-07
857,LN-10857,10,Business,3252055.34,17.12,60,81031.93,1879978.43,active,2019-05-21,2024-04-24
858,LN-10858,60,Education,2800118.98,19.86,60,73968.07,850324.32,active,2020-08-28,2025-08-02
859,LN-10859,19,Education,1209104.0,16.85,48,34794.99,164527.49,paid,2019-07-03,2023-06-12
860,LN-10860,96,Personal,2242206.96,9.46,6,384079.67,1249208.29,active,2020-04-21,2020-10-18
861,LN-10861,79,Personal,2264302.73,15.34,48,63408.18,501859.25,active,2021-08-05,2025-07-15
862,LN-10862,4,Personal,2588363.96,21.65,60,70973.67,769133.44,active,2020-07-12,2025-06-16
863,LN-10863,16,Personal,1693871.34,9.43,24,77718.69,1135007.3,active,2019-01-04,2020-12-24
864,LN-10864,23,Business,884845.03,22.78,60,24832.48,810150.8,active,2020-03-30,2025-03-04
865,LN-10865,9,Business,4066185.8,7.51,6,692619.21,1993127.96,active,2020-12-31,2021-06-29
866,LN-10866,100,Personal,484437.92,13.83,240,5964.37,62272.02,active,2022-07-12,2042-03-29
867,LN-10867,96,Education,3608692.76,6.46,60,70540.62,463908.65,defaulted,2022-06-28,2027-06-02
868,LN-10868,91,Personal,659825.12,9.65,48,16624.18,86922.23,active,2022-06-17,2026-05-27
869,LN-10869,31,Education,3691572.18,15.46,36,128802.7,111363.57,active,2020-03-14,2023-02-27
870,LN-10870,22,Personal,4837009.55,4.99,48,111371.0,2480614.48,restructured,2019-11-01,2023-10-11
871,LN-10871,6,Housing,3111431.48,10.48,120,41949.26,2526084.23,active,2019-08-30,2029-07-08
872,LN-10872,39,Education,2032110.62,3.74,240,12037.57,134609.46,active,2020-02-02,2039-10-20
873,LN-10873,88,Personal,2653739.55,7.43,240,21264.9,842115.53,restructured,2022-02-06,2041-10-24
874,LN-10874,62,Auto,1141435.22,16.49,36,40406.15,244430.48,active,2022-04-09,2025-03-24
875,LN-10875,56,Education,3045104.48,15.29,48,85195.85,788501.41,restructured,2021-12-22,2025-12-01
876,LN-10876,91,Business,2221933.52,8.33,24,100826.78,1908057.28,active,2022-12-19,2024-12-08
877,LN-10877,10,Education,535278.49,7.19,48,12865.15,60782.03,active,2019-03-26,2023-03-05
878,LN-10878,12,Personal,4222350.19,19.61,12,390347.64,3663057.94,restructured,2022-09-16,2023-09-11
879,LN-10879,88,Housing,822484.67,19.36,48,24748.91,352028.63,restructured,2019-06-17,2023-05-27
880,LN-10880,54,Auto,1759842.86,23.45,60,50066.85,1430154.84,restructured,2020-08-19,2025-07-24
881,LN-10881,91,Business,2048517.42,20.14,240,35025.97,1443831.9,active,2022-06-05,2042-02-20
882,LN-10882,40,Education,1914591.97,4.65,60,35824.51,744596.66,active,2021-02-06,2026-01-11
883,LN-10883,39,Education,518459.78,6.73,48,12350.32,246234.54,active,2022-09-06,2026-08-16
884,LN-10884,91,Housing,2335277.43,6.98,12,202042.43,1645616.69,active,2019-09-07,2020-09-01
885,LN-10885,99,Housing,1811565.89,4.39,240,11353.57,1264769.92,defaulted,2021-06-30,2041-03-17
886,LN-10886,65,Auto,1228937.82,23.12,240,23922.86,400940.46,restructured,2020-05-09,2040-01-25
887,LN-10887,2,Auto,4402009.16,6.5,36,134917.19,350178.32,paid,2019-05-31,2022-05-15
888,LN-10888,36,Housing,1753287.11,15.19,60,41885.64,152758.5,active,2022-02-17,2027-01-22
889,LN-10889,11,Personal,737646.08,17.87,48,21618.28,1513.83,paid,2022-04-12,2026-03-22
890,LN-10890,4,Personal,2181311.2,13.88,240,26935.16,1412109.32,active,2020-03-24,2039-12-10
891,LN-10891,33,Housing,2003472.73,4.97,48,46111.34,1898241.14,active,2022-04-05,2026-03-15
892,LN-10892,60,Housing,136608.9,9.13,60,2844.4,52585.51,active,2021-12-11,2026-11-15
893,LN-10893,69,Education,4472122.97,12.14,24,210810.86,1603299.87,active,2020-10-17,2022-10-07
894,LN-10894,20,Auto,1247118.01,8.06,240,10478.01,75764.63,active,2021-03-05,2040-11-20
895,LN-10895,53,Business,2563773.52,14.95,36,88811.29,1222105.11,defaulted,2021-04-17,2024-04-01
896,LN-10896,96,Business,1446560.14,19.95,12,133966.77,951867.4,defaulted,2021-10-27,2022-10-22
897,LN-10897,48,Personal,3606812.82,11.62,12,319820.13,372204.59,active,2020-07-31,2021-07-26
898,LN-10898,12,Housing,3343113.61,12.23,12,297391.42,2379970.78,restructured,2022-07-26,2023-07-21
899,LN-10899,79,Personal,1327244.47,14.81,240,17290.98,751756.72,active,2020-11-14,2040-08-01
900,LN-10900,89,Personal,835029.6,12.0,60,18574.77,731237.9,defaulted,2022-06-11,2027-05-16
901,LN-10901,42,Housing,1344765.12,4.23,48,30502.13,12578.02,active,2021-04-26,2025-04-05
902,LN-10902,37,Education,3683262.56,5.66,12,316429.95,2095541.43,active,2022-08-15,2023-08-10
903,LN-10903,47,Education,3707139.22,4.67,240,23794.74,3084359.03,restructured,2021-06-14,2041-03-01
904,LN-10904,69,Business,3088708.23,9.73,60,65216.34,220956.4,active,2020-02-19,2025-01-23
905,LN-10905,18,Education,4374707.71,10.62,24,203124.73,1515211.92,active,2021-10-19,2023-10-09
906,LN-10906,44,Housing,2059325.09,21.68,48,64524.03,993587.46,active,2022-04-25,2026-04-04
907,LN-10907,11,Personal,4756053.02,20.32,12,441303.34,4570034.9,active,2020-03-27,2021-03-22
908,LN-10908,29,Education,3181680.41,13.78,240,39057.51,2240457.28,paid,2019-03-14,2038-11-29
909,LN-10909,50,Housing,4539403.96,20.16,120,88208.65,3927550.1,defaulted,2022-02-18,2031-12-28
910,LN-10910,83,Personal,971961.37,18.89,60,25154.42,517964.82,active,2020-12-25,2025-11-29
911,LN-10911,70,Business,2142690.51,14.97,48,59600.1,541807.73,defaulted,2021-07-03,2025-06-12
912,LN-10912,15,Education,4384181.37,21.9,36,167207.15,3591311.46,restructured,2021-05-24,2024-05-08
913,LN-10913,57,Personal,4769937.63,23.28,6,849833.52,1626.52,active,2021-11-14,2022-05-13
914,LN-10914,79,Education,4170095.31,3.86,24,180826.33,735100.02,active,2021-07-26,2023-07-16
915,LN-10915,49,Business,1545876.0,15.06,12,139571.93,615757.28,paid,2019-02-08,2020-02-03
916,LN-10916,28,Business,3375386.58,12.86,240,39209.05,185269.79,active,2022-01-22,2041-10-09
917,LN-10917,5,Auto,2535912.31,6.78,12,219167.13,892086.43,restructured,2020-02-23,2021-02-17
918,LN-10918,12,Housing,1621697.72,9.26,12,142015.46,399305.64,restructured,2020-05-25,2021-05-20
919,LN-10919,32,Personal,2278552.81,8.49,60,46737.02,2265905.29,defaulted,2019-02-10,2024-01-15
920,LN-10920,10,Auto,960326.71,12.0,60,21361.94,328153.67,paid,2019-06-19,2024-05-23
921,LN-10921,95,Business,2308920.69,3.89,60,42407.77,647866.5,defaulted,2021-11-06,2026-10-11
922,LN-10922,11,Education,1078267.94,22.13,48,34048.14,948538.09,paid,2020-06-09,2024-05-19
923,LN-10923,19,Education,3026336.59,8.53,6,517012.29,1705229.69,defaulted,2022-01-07,2022-07-06
924,LN-10924,94,Auto,1444477.62,5.26,36,43461.11,164017.42,defaulted,2022-06-12,2025-05-27
925,LN-10925,48,Personal,873335.28,14.89,36,30227.43,404382.93,active,2020-09-13,2023-08-29
926,LN-10926,81,Business,1342768.87,13.01,240,15741.12,234716.61,defaulted,2020-07-17,2040-04-03
927,LN-10927,80,Education,4565332.54,9.95,6,783122.32,2184119.2,paid,2021-04-09,2021-10-06
928,LN-10928,51,Auto,4971461.38,9.41,24,228056.28,1721799.55,defaulted,2022-01-12,2024-01-02
929,LN-10929,41,Business,2680384.7,22.17,48,84695.98,67227.64,active,2020-11-07,2024-10-17
930,LN-10930,73,Business,915989.66,22.02,36,34991.54,694767.58,active,2022-03-09,2025-02-21
931,LN-10931,73,Education,4896844.11,9.2,60,102126.41,1861428.86,paid,2019-03-05,2024-02-07
932,LN-10932,59,Business,4540095.51,11.05,48,117451.41,1885425.32,active,2022-01-20,2025-12-30
933,LN-10933,12,Education,4447688.27,13.04,12,397338.87,2349001.67,active,2020-03-05,2021-02-28
934,LN-10934,99,Housing,168848.72,4.79,36,5044.64,146173.6,defaulted,2020-10-27,2023-10-12
935,LN-10935,36,Personal,4276075.74,12.23,12,380384.39,3360757.16,active,2019-12-07,2020-12-01
936,LN-10936,68,Education,4079612.15,19.31,36,150182.53,3264652.46,restructured,2021-09-19,2024-09-03
937,LN-10937,58,Auto,4269340.04,5.88,6,723809.58,2299531.28,active,2022-04-18,2022-10-15
938,LN-10938,47,Auto,3943390.4,14.32,12,354659.67,807404.33,defaulted,2023-01-02,2023-12-28
939,LN-10939,66,Auto,2902391.54,20.19,12,269125.6,860770.17,paid,2021-08-06,2022-08-01
940,LN-10940,47,Housing,1100567.29,8.17,12,95823.15,648470.17,active,2020-08-05,2021-07-31
941,LN-10941,25,Personal,1267856.83,9.84,120,16642.69,1024267.75,restructured,2022-02-06,2031-12-16
942,LN-10942,61,Personal,4106229.32,6.15,6,696699.76,2893129.55,active,2020-02-04,2020-08-02
943,LN-10943,28,Business,2184069.09,16.41,6,381631.19,851467.62,active,2019-11-10,2020-05-08
944,LN-10944,7,Business,4134987.94,19.53,24,209505.34,1095942.37,defaulted,2020-07-29,2022-07-19
945,LN-10945,93,Business,1781304.1,7.25,12,154335.82,470736.51,active,2021-11-01,2022-10-27
946,LN-10946,72,Business,3041385.83,17.02,24,150402.23,1884677.33,active,2019-06-08,2021-05-28
947,LN-10947,54,Auto,2599487.66,23.82,240,52065.24,2432296.43,active,2020-11-27,2040-08-14
948,LN-10948,83,Education,577351.08,20.09,120,11192.11,88471.33,active,2022-03-09,2032-01-16
949,LN-10949,58,Business,459844.74,16.13,240,6442.51,9346.54,paid,2022-11-26,2042-08-13
950,LN-10950,44,Personal,1232495.03,9.6,120,16015.74,852918.23,defaulted,2020-10-26,2030-09-04
951,LN-10951,64,Personal,716366.25,14.92,60,17012.24,45739.97,active,2022-01-11,2026-12-16
952,LN-10952,21,Auto,3145071.4,20.33,12,291839.09,2282468.41,restructured,2022-09-12,2023-09-07
953,LN-10953,37,Auto,3372321.55,20.39,12,313023.14,1693432.41,active,2019-03-06,2020-02-29
954,LN-10954,4,Auto,2771599.75,22.15,120,57571.43,1253871.92,active,2021-03-08,2031-01-15
955,LN-10955,11,Housing,1899029.05,21.46,120,38556.52,1151189.64,restructured,2022-01-13,2031-11-22
956,LN-10956,42,Auto,2376730.32,15.13,12,214665.49,540204.42,defaulted,2021-08-17,2022-08-12
957,LN-10957,29,Auto,2304052.11,8.5,48,56790.98,1551752.74,active,2021-03-20,2025-02-27
958,LN-10958,67,Education,2018447.14,15.6,60,48656.76,1928086.92,paid,2020-05-09,2025-04-13
959,LN-10959,48,Education,4776639.55,11.4,120,66884.39,4554941.18,paid,2022-06-14,2032-04-22
960,LN-10960,14,Auto,4581310.72,23.63,240,91058.52,292994.35,active,2022-09-17,2042-06-04
961,LN-10961,52,Housing,1124650.57,16.71,120,19339.98,443521.21,defaulted,2019-06-11,2029-04-19
962,LN-10962,27,Housing,4367029.44,3.73,48,98076.64,1485217.44,defaulted,2022-12-23,2026-12-02
963,LN-10963,31,Education,1612118.67,23.97,120,35510.43,570052.46,active,2020-05-09,2030-03-18
964,LN-10964,22,Personal,4119766.4,14.26,36,141324.65,3078665.06,restructured,2021-04-21,2024-04-05
965,LN-10965,88,Housing,1624091.7,10.8,24,75544.69,1052959.16,active,2022-01-05,2023-12-26
966,LN-10966,53,Personal,3176794.88,11.34,24,148565.51,2678822.05,active,2021-12-01,2023-11-21
967,LN-10967,88,Auto,2705530.34,19.28,12,249694.11,2315196.85,restructured,2022-02-16,2023-02-11
968,LN-10968,76,Personal,3322022.23,9.97,24,153248.48,2817130.32,paid,2019-11-10,2021-10-30
969,LN-10969,66,Housing,3142718.06,22.37,24,163613.21,2781957.33,defaulted,2020-01-14,2022-01-03
970,LN-10970,49,Auto,3758001.69,14.41,12,338145.53,2368643.91,paid,2020-07-02,2021-06-27
971,LN-10971,48,Personal,4009850.75,22.49,24,208995.22,3288712.19,active,2021-01-28,2023-01-18
972,LN-10972,88,Housing,1386945.46,12.6,24,65677.63,812005.64,active,2020-11-09,2022-10-30
973,LN-10973,74,Business,787941.65,6.29,6,133743.35,243333.33,active,2021-11-11,2022-05-10
974,LN-10974,31,Housing,3222042.91,23.5,36,125565.61,159542.1,restructured,2020-10-19,2023-10-04
975,LN-10975,48,Personal,903565.78,22.57,240,17190.95,644443.01,active,2019-02-13,2038-10-31
976,LN-10976,58,Personal,4213498.75,10.66,24,195717.62,1946952.91,restructured,2019-11-27,2021-11-16
977,LN-10977,13,Education,4916733.01,20.64,36,184330.69,2515671.03,active,2019-01-17,2022-01-01
978,LN-10978,48,Auto,3887691.49,5.11,24,170750.01,2442002.75,active,2021-06-05,2023-05-26
979,LN-10979,14,Personal,226162.52,20.18,24,11530.62,95258.72,active,2020-10-17,2022-10-07
980,LN-10980,83,Education,4511024.98,20.64,240,78906.64,407689.55,paid,2020-07-25,2040-04-11
981,LN-10981,11,Education,2889043.34,12.75,24,137011.38,1742834.34,defaulted,2021-02-06,2023-01-27
982,LN-10982,21,Auto,4295327.63,16.0,240,59759.0,1950711.79,active,2021-12-22,2041-09-08
983,LN-10983,94,Education,1433179.94,11.0,36,46920.47,344578.81,active,2021-07-22,2024-07-06
984,LN-10984,72,Education,4529277.9,4.65,6,765150.7,2656892.19,active,2022-05-13,2022-11-09
985,LN-10985,64,Personal,3754172.43,18.67,6,660205.41,1882224.7,active,2019-04-10,2019-10-07
986,LN-10986,15,Education,1459979.22,10.45,120,19659.38,157957.27,active,2019-12-15,2029-10-23
987,LN-10987,86,Education,2630153.37,15.86,24,128604.62,982977.74,paid,2019-04-29,2021-04-18
988,LN-10988,32,Housing,2280291.62,22.77,12,214268.42,1257557.47,active,2019-07-11,2020-07-05
989,LN-10989,80,Housing,4224882.77,19.82,240,71176.89,3106240.95,active,2021-04-09,2040-12-25
990,LN-10990,25,Education,1112440.44,12.7,48,29678.62,893242.22,active,2019-05-26,2023-05-05
991,LN-10991,31,Business,4946610.41,20.4,60,132158.3,2927330.29,active,2020-07-16,2025-06-20
992,LN-10992,47,Business,3802558.61,10.14,60,81055.32,3635847.15,active,2019-04-07,2024-03-11
993,LN-10993,55,Education,3927850.52,15.12,24,190672.32,278020.97,restructured,2020-07-06,2022-06-26
994,LN-10994,17,Housing,2906378.86,9.34,48,72795.49,1497260.16,active,2019-06-27,2023-06-06
995,LN-10995,81,Education,521452.58,5.33,240,3537.12,185540.83,active,2019-01-31,2038-10-18
996,LN-10996,19,Personal,4361123.28,23.31,12,410931.18,172417.02,active,2019-12-06,2020-11-30
997,LN-10997,43,Auto,1658499.48,10.18,12,145947.33,1131444.58,defaulted,2020-10-20,2021-10-15
998,LN-10998,95,Personal,3672157.07,13.72,12,329228.8,618466.6,active,2019-05-28,2020-05-22
999,LN-10999,44,Personal,4979368.44,6.02,60,96311.46,2642286.22,paid,2021-07-15,2026-06-19
1000,LN-11000,51,Auto,3498260.45,15.62,36,122333.17,3335958.59,defaulted,2020-02-08,2023-01-23
