flight_id,flight_code,airline_id,origin,destination,duration_mins,scheduled_departure,actual_departure,delay_mins,passengers,capacity,fare,status
1,FL-10001,9,Cebu,Iloilo,40,2023-08-27 19:15,2023-08-27 19:15,0,171,150,2770.67,on_time
2,FL-10002,2,Manila,Iloilo,55,2023-10-03 06:45,2023-10-03 07:45,60,90,120,12727.97,on_time
3,FL-10003,1,Manila,Cebu,45,2023-04-08 12:00,2023-04-08 13:00,60,133,180,9477.95,on_time
4,FL-10004,4,Davao,Manila,90,2023-11-24 14:45,2023-11-24 14:45,0,71,180,10339.82,delayed
5,FL-10005,2,Davao,Manila,90,2023-12-29 13:30,2023-12-29 13:30,0,123,120,2448.02,on_time
6,FL-10006,2,Cebu,Manila,45,2023-05-29 17:00,2023-05-29 17:00,0,50,150,4331.19,on_time
7,FL-10007,7,Cebu,Iloilo,40,2023-12-29 17:45,2023-12-29 17:45,0,100,160,6048.05,on_time
8,FL-10008,1,Cebu,Davao,50,2023-07-29 08:15,2023-07-29 08:15,0,75,120,2308.56,delayed
9,FL-10009,9,Manila,Iloilo,55,2023-04-07 19:15,2023-04-07 19:15,0,157,180,3072.86,delayed
10,FL-10010,1,Manila,Cagayan de Oro,85,2023-05-19 14:00,2023-05-19 14:00,0,97,180,14943.78,delayed
11,FL-10011,10,Manila,Kalibo,60,2023-02-21 06:15,2023-02-21 06:15,0,163,160,1629.27,delayed
12,FL-10012,5,Cebu,Davao,50,2023-07-17 07:00,2023-07-17 07:00,0,103,150,1709.37,on_time
13,FL-10013,10,Cebu,Davao,50,2023-08-21 09:45,2023-08-21 11:45,120,84,180,3968.17,on_time
14,FL-10014,4,Manila,Zamboanga,100,2023-11-09 12:15,2023-11-09 12:15,0,100,180,13409.56,delayed
15,FL-10015,7,Manila,Davao,90,2023-01-25 08:00,2023-01-25 08:00,0,115,150,11487.69,delayed
16,FL-10016,7,Manila,Zamboanga,100,2023-11-02 20:30,2023-11-02 22:00,90,94,120,3206.4,delayed
17,FL-10017,10,Davao,Manila,90,2023-11-11 07:30,2023-11-11 07:30,0,102,120,2433.58,delayed
18,FL-10018,4,Cebu,Iloilo,40,2023-01-31 06:15,2023-01-31 06:30,15,144,150,2744.59,on_time
19,FL-10019,6,Cebu,Iloilo,40,2023-12-03 21:15,2023-12-03 23:15,120,58,120,7909.7,on_time
20,FL-10020,5,Manila,Puerto Princesa,70,2023-01-18 05:00,2023-01-18 06:00,60,67,160,5805.21,on_time
21,FL-10021,8,Manila,Davao,90,2023-10-07 16:00,2023-10-07 16:00,0,137,160,2646.51,delayed
22,FL-10022,7,Manila,Davao,90,2023-01-16 20:00,2023-01-16 22:00,120,147,180,9366.17,delayed
23,FL-10023,2,Manila,Davao,90,2023-02-16 08:30,2023-02-16 09:15,45,134,180,14112.4,cancelled
24,FL-10024,8,Iloilo,Manila,55,2023-08-14 19:00,2023-08-14 20:30,90,57,160,9617.35,delayed
25,FL-10025,4,Manila,Cebu,45,2023-12-24 08:45,2023-12-24 10:45,120,174,160,13601.65,on_time
26,FL-10026,3,Manila,Zamboanga,100,2023-12-14 11:15,2023-12-14 11:45,30,163,180,13538.31,on_time
27,FL-10027,5,Cebu,Manila,45,2023-04-12 18:15,2023-04-12 18:15,0,148,150,9371.95,on_time
28,FL-10028,3,Manila,Cagayan de Oro,85,2023-03-10 20:30,2023-03-10 20:30,0,66,160,12595.08,on_time
29,FL-10029,8,Cebu,Iloilo,40,2023-05-21 11:45,2023-05-21 12:30,45,176,160,11169.73,delayed
30,FL-10030,6,Cebu,Iloilo,40,2023-02-08 06:30,2023-02-08 08:30,120,60,160,9202.86,on_time
31,FL-10031,10,Manila,Kalibo,60,2023-01-10 09:45,2023-01-10 10:45,60,98,120,11884.38,on_time
32,FL-10032,3,Manila,Cagayan de Oro,85,2023-01-25 08:45,2023-01-25 08:45,0,144,120,10740.65,on_time
33,FL-10033,8,Manila,Bacolod,50,2023-05-12 10:00,2023-05-12 11:00,60,59,150,4557.16,on_time
34,FL-10034,9,Davao,Manila,90,2023-09-14 10:45,2023-09-14 10:45,0,72,180,14090.15,cancelled
35,FL-10035,3,Cebu,Manila,45,2023-08-19 19:15,2023-08-19 19:15,0,146,160,7760.05,cancelled
36,FL-10036,2,Manila,Cagayan de Oro,85,2023-11-25 08:15,2023-11-25 08:15,0,149,120,14694.34,delayed
37,FL-10037,6,Cebu,Cagayan de Oro,35,2023-05-15 05:30,2023-05-15 07:00,90,71,120,7452.17,delayed
38,FL-10038,5,Cebu,Manila,45,2023-09-07 05:15,2023-09-07 05:15,0,159,120,3834.1,on_time
39,FL-10039,3,Manila,Kalibo,60,2023-08-29 09:45,2023-08-29 10:45,60,72,150,7432.2,delayed
40,FL-10040,9,Manila,Zamboanga,100,2023-11-24 10:30,2023-11-24 10:45,15,147,150,5610.16,on_time
41,FL-10041,9,Davao,Manila,90,2023-05-20 20:15,2023-05-20 21:00,45,79,120,9670.57,on_time
42,FL-10042,1,Davao,Manila,90,2023-09-22 17:00,2023-09-22 18:00,60,73,150,2389.65,delayed
43,FL-10043,7,Cebu,Iloilo,40,2023-07-26 13:15,2023-07-26 14:15,60,176,150,6085.69,delayed
44,FL-10044,6,Davao,Manila,90,2023-02-25 11:45,2023-02-25 13:45,120,57,160,3247.73,on_time
45,FL-10045,4,Manila,Cebu,45,2023-03-21 12:00,2023-03-21 12:15,15,132,160,4800.3,delayed
46,FL-10046,8,Manila,Davao,90,2023-10-26 08:30,2023-10-26 08:30,0,161,120,6572.44,delayed
47,FL-10047,9,Manila,Bacolod,50,2023-11-12 10:15,2023-11-12 11:45,90,105,150,12991.99,delayed
48,FL-10048,3,Iloilo,Manila,55,2023-04-30 16:15,2023-04-30 16:45,30,130,150,4444.95,on_time
49,FL-10049,3,Manila,Davao,90,2023-05-03 09:00,2023-05-03 09:15,15,149,120,7369.76,delayed
50,FL-10050,3,Davao,Manila,90,2023-04-13 17:00,2023-04-13 17:00,0,101,160,13803.54,on_time
51,FL-10051,9,Manila,Davao,90,2023-11-21 15:15,2023-11-21 15:15,0,173,120,1828.11,delayed
52,FL-10052,9,Iloilo,Manila,55,2023-10-19 20:15,2023-10-19 20:15,0,97,120,4252.84,on_time
53,FL-10053,2,Manila,Zamboanga,100,2023-10-24 06:15,2023-10-24 07:15,60,69,120,5912.17,delayed
54,FL-10054,9,Cebu,Manila,45,2023-07-01 18:15,2023-07-01 20:15,120,145,120,10059.09,on_time
55,FL-10055,4,Manila,Bacolod,50,2023-04-03 18:45,2023-04-03 19:15,30,144,180,13945.14,delayed
56,FL-10056,2,Manila,Iloilo,55,2023-09-20 05:30,2023-09-20 05:30,0,153,150,8307.9,on_time
57,FL-10057,5,Cebu,Cagayan de Oro,35,2023-05-24 08:15,2023-05-24 09:00,45,84,160,13377.86,cancelled
58,FL-10058,7,Cebu,Davao,50,2023-04-03 17:15,2023-04-03 17:15,0,68,160,5572.81,on_time
59,FL-10059,6,Manila,Cebu,45,2023-11-24 06:15,2023-11-24 06:30,15,126,160,4416.65,delayed
60,FL-10060,3,Iloilo,Manila,55,2023-09-30 07:45,2023-09-30 09:15,90,177,150,10966.88,delayed
61,FL-10061,1,Iloilo,Manila,55,2023-02-28 08:15,2023-02-28 08:30,15,163,180,8314.28,on_time
62,FL-10062,7,Manila,Kalibo,60,2023-01-06 08:30,2023-01-06 08:45,15,120,160,8925.78,delayed
63,FL-10063,9,Cebu,Manila,45,2023-10-18 08:45,2023-10-18 08:45,0,61,180,14057.08,on_time
64,FL-10064,8,Cebu,Manila,45,2023-03-28 20:00,2023-03-28 20:45,45,176,180,5339.88,delayed
65,FL-10065,5,Iloilo,Manila,55,2023-07-07 21:30,2023-07-07 22:30,60,119,160,10458.5,cancelled
66,FL-10066,1,Manila,Zamboanga,100,2023-01-08 12:00,2023-01-08 12:00,0,154,180,2212.68,on_time
67,FL-10067,7,Manila,Puerto Princesa,70,2023-01-26 15:00,2023-01-26 15:00,0,159,180,4887.46,on_time
68,FL-10068,9,Manila,Cebu,45,2023-02-20 19:15,2023-02-20 19:15,0,79,120,9927.35,delayed
69,FL-10069,4,Manila,Davao,90,2023-01-27 16:15,2023-01-27 16:15,0,143,180,3387.01,delayed
70,FL-10070,10,Cebu,Iloilo,40,2023-05-15 18:30,2023-05-15 20:00,90,85,160,11412.84,on_time
71,FL-10071,2,Cebu,Iloilo,40,2023-09-15 14:30,2023-09-15 14:45,15,119,150,10046.86,on_time
72,FL-10072,4,Manila,Cagayan de Oro,85,2023-09-15 11:00,2023-09-15 11:00,0,52,160,5003.51,on_time
73,FL-10073,1,Iloilo,Manila,55,2023-02-22 12:30,2023-02-22 12:30,0,72,150,8933.49,cancelled
74,FL-10074,8,Cebu,Davao,50,2023-09-03 16:15,2023-09-03 16:45,30,137,180,11555.16,on_time
75,FL-10075,2,Cebu,Cagayan de Oro,35,2023-08-18 11:45,2023-08-18 12:30,45,116,180,12433.34,on_time
76,FL-10076,10,Manila,Iloilo,55,2023-06-16 14:15,2023-06-16 15:00,45,144,120,7737.22,on_time
77,FL-10077,9,Manila,Davao,90,2023-02-12 18:45,2023-02-12 19:45,60,126,120,2527.07,on_time
78,FL-10078,10,Manila,Kalibo,60,2023-02-11 14:45,2023-02-11 15:15,30,122,150,4453.16,cancelled
79,FL-10079,6,Manila,Puerto Princesa,70,2023-07-07 08:30,2023-07-07 09:30,60,121,180,8657.85,on_time
80,FL-10080,6,Cebu,Iloilo,40,2023-04-24 17:15,2023-04-24 17:15,0,142,160,1825.58,cancelled
81,FL-10081,10,Cebu,Manila,45,2023-07-18 11:30,2023-07-18 12:15,45,89,150,3883.99,delayed
82,FL-10082,5,Manila,Bacolod,50,2023-01-12 12:00,2023-01-12 13:30,90,90,160,14546.62,cancelled
83,FL-10083,7,Manila,Bacolod,50,2023-02-02 22:30,2023-02-03 00:00,90,71,160,2602.58,cancelled
84,FL-10084,6,Manila,Davao,90,2023-02-13 05:15,2023-02-13 05:15,0,158,150,11114.74,delayed
85,FL-10085,9,Cebu,Cagayan de Oro,35,2023-06-23 19:45,2023-06-23 20:15,30,136,160,10577.23,delayed
86,FL-10086,9,Cebu,Iloilo,40,2023-02-07 06:45,2023-02-07 07:15,30,50,180,12756.67,delayed
87,FL-10087,1,Davao,Manila,90,2023-09-26 16:00,2023-09-26 16:00,0,157,180,13860.09,on_time
88,FL-10088,3,Manila,Puerto Princesa,70,2023-11-22 17:15,2023-11-22 17:45,30,102,180,7236.76,on_time
89,FL-10089,1,Manila,Zamboanga,100,2023-08-30 14:00,2023-08-30 14:15,15,89,150,13814.64,delayed
90,FL-10090,10,Manila,Cebu,45,2023-09-04 06:30,2023-09-04 06:30,0,100,150,6350.82,delayed
91,FL-10091,10,Manila,Cagayan de Oro,85,2023-08-30 21:15,2023-08-30 22:15,60,97,160,6933.57,on_time
92,FL-10092,9,Manila,Kalibo,60,2023-10-09 20:30,2023-10-09 21:30,60,153,160,10413.38,on_time
93,FL-10093,4,Cebu,Iloilo,40,2023-07-24 06:15,2023-07-24 06:15,0,148,160,12133.66,on_time
94,FL-10094,4,Manila,Kalibo,60,2023-01-06 20:30,2023-01-06 21:30,60,113,180,9681.99,on_time
95,FL-10095,3,Cebu,Manila,45,2023-06-14 09:30,2023-06-14 11:00,90,83,160,8465.14,on_time
96,FL-10096,10,Manila,Iloilo,55,2023-04-02 05:15,2023-04-02 05:15,0,82,120,6248.32,delayed
97,FL-10097,9,Manila,Puerto Princesa,70,2023-02-19 20:45,2023-02-19 20:45,0,179,160,1756.92,on_time
98,FL-10098,4,Cebu,Manila,45,2023-12-16 07:45,2023-12-16 07:45,0,59,180,8596.58,on_time
99,FL-10099,5,Manila,Bacolod,50,2023-06-11 14:45,2023-06-11 14:45,0,128,180,10506.48,on_time
100,FL-10100,2,Cebu,Davao,50,2023-12-18 09:00,2023-12-18 09:45,45,168,120,10328.14,on_time
101,FL-10101,7,Manila,Bacolod,50,2023-12-31 20:15,2023-12-31 20:30,15,79,180,11919.58,cancelled
102,FL-10102,10,Manila,Cagayan de Oro,85,2023-03-19 14:45,2023-03-19 16:15,90,126,160,11691.45,delayed
103,FL-10103,2,Manila,Kalibo,60,2023-05-12 11:15,2023-05-12 12:00,45,78,160,5681.15,on_time
104,FL-10104,8,Iloilo,Manila,55,2023-11-24 15:45,2023-11-24 16:30,45,73,120,3401.1,on_time
105,FL-10105,3,Manila,Iloilo,55,2023-04-03 11:45,2023-04-03 11:45,0,168,120,2855.83,on_time
106,FL-10106,2,Manila,Iloilo,55,2023-08-11 18:00,2023-08-11 18:30,30,159,150,10237.84,on_time
107,FL-10107,7,Manila,Bacolod,50,2023-09-05 15:45,2023-09-05 17:45,120,53,180,9776.78,on_time
108,FL-10108,4,Cebu,Cagayan de Oro,35,2023-12-05 21:00,2023-12-05 21:15,15,134,150,6120.2,cancelled
109,FL-10109,2,Cebu,Iloilo,40,2023-10-13 17:15,2023-10-13 18:45,90,135,160,12640.05,delayed
110,FL-10110,3,Manila,Puerto Princesa,70,2023-05-10 22:30,2023-05-11 00:00,90,109,160,9762.18,delayed
111,FL-10111,10,Manila,Iloilo,55,2023-04-12 21:15,2023-04-12 23:15,120,56,150,11984.29,on_time
112,FL-10112,8,Manila,Cagayan de Oro,85,2023-10-23 18:30,2023-10-23 19:00,30,73,160,5093.27,on_time
113,FL-10113,3,Cebu,Iloilo,40,2023-05-03 22:00,2023-05-03 23:30,90,117,150,13775.97,on_time
114,FL-10114,3,Iloilo,Manila,55,2023-03-04 05:30,2023-03-04 06:00,30,111,160,12715.19,on_time
115,FL-10115,9,Iloilo,Manila,55,2023-02-09 19:00,2023-02-09 19:45,45,96,150,5653.27,cancelled
116,FL-10116,7,Manila,Bacolod,50,2023-11-11 05:15,2023-11-11 05:15,0,155,180,1946.33,delayed
117,FL-10117,2,Cebu,Manila,45,2023-10-19 17:15,2023-10-19 17:45,30,83,160,4795.78,on_time
118,FL-10118,1,Manila,Cebu,45,2023-12-10 09:45,2023-12-10 10:45,60,76,180,6163.51,delayed
119,FL-10119,10,Manila,Puerto Princesa,70,2023-07-28 14:45,2023-07-28 15:45,60,154,180,3084.48,on_time
120,FL-10120,6,Davao,Manila,90,2023-09-26 21:45,2023-09-26 22:30,45,56,160,13747.96,on_time
121,FL-10121,10,Manila,Puerto Princesa,70,2023-08-10 17:30,2023-08-10 17:45,15,67,150,3180.0,delayed
122,FL-10122,9,Manila,Cagayan de Oro,85,2023-07-23 06:45,2023-07-23 06:45,0,111,160,10367.39,on_time
123,FL-10123,6,Manila,Davao,90,2023-10-07 18:15,2023-10-07 18:15,0,157,120,13696.1,on_time
124,FL-10124,3,Davao,Manila,90,2023-03-05 22:45,2023-03-05 22:45,0,125,150,11330.43,on_time
125,FL-10125,3,Cebu,Davao,50,2023-02-02 19:45,2023-02-02 21:15,90,151,150,6312.72,delayed
126,FL-10126,1,Manila,Cagayan de Oro,85,2023-06-06 05:45,2023-06-06 06:15,30,128,160,8228.64,delayed
127,FL-10127,4,Manila,Cagayan de Oro,85,2023-06-01 06:15,2023-06-01 06:45,30,140,180,1716.49,cancelled
128,FL-10128,9,Manila,Puerto Princesa,70,2023-04-14 22:15,2023-04-14 22:15,0,62,120,5632.07,on_time
129,FL-10129,7,Manila,Zamboanga,100,2023-03-11 15:45,2023-03-11 16:30,45,70,150,4513.7,on_time
130,FL-10130,4,Manila,Davao,90,2023-05-18 10:15,2023-05-18 11:45,90,125,160,6528.96,cancelled
131,FL-10131,2,Davao,Manila,90,2023-10-30 21:15,2023-10-30 21:30,15,96,150,5237.27,cancelled
132,FL-10132,2,Manila,Kalibo,60,2023-08-25 07:45,2023-08-25 09:15,90,68,120,1594.2,delayed
133,FL-10133,9,Manila,Zamboanga,100,2023-05-09 18:00,2023-05-09 18:00,0,122,150,4819.63,on_time
134,FL-10134,9,Manila,Puerto Princesa,70,2023-01-15 10:15,2023-01-15 10:15,0,168,180,1535.89,delayed
135,FL-10135,3,Manila,Cebu,45,2023-02-02 22:30,2023-02-02 23:00,30,173,120,8475.92,delayed
136,FL-10136,9,Manila,Bacolod,50,2023-09-30 10:15,2023-09-30 10:15,0,161,150,10523.93,delayed
137,FL-10137,5,Cebu,Cagayan de Oro,35,2023-05-01 13:45,2023-05-01 15:15,90,106,180,5028.05,on_time
138,FL-10138,1,Iloilo,Manila,55,2023-10-21 19:15,2023-10-21 19:45,30,88,120,9715.47,delayed
139,FL-10139,8,Davao,Manila,90,2023-05-15 05:00,2023-05-15 05:00,0,95,150,9913.5,on_time
140,FL-10140,7,Manila,Zamboanga,100,2023-01-22 15:30,2023-01-22 17:30,120,177,120,10275.91,delayed
141,FL-10141,7,Manila,Iloilo,55,2023-05-11 12:15,2023-05-11 13:15,60,166,120,5763.25,delayed
142,FL-10142,4,Cebu,Davao,50,2023-12-27 06:15,2023-12-27 07:15,60,84,150,11552.15,delayed
143,FL-10143,1,Manila,Puerto Princesa,70,2023-01-02 12:45,2023-01-02 14:15,90,86,120,6804.43,on_time
144,FL-10144,7,Cebu,Iloilo,40,2023-02-09 06:15,2023-02-09 06:30,15,114,120,8950.47,on_time
145,FL-10145,8,Cebu,Manila,45,2023-02-14 12:30,2023-02-14 12:45,15,136,150,2035.6,delayed
146,FL-10146,1,Iloilo,Manila,55,2023-06-25 10:45,2023-06-25 11:30,45,104,180,6612.83,on_time
147,FL-10147,7,Manila,Cagayan de Oro,85,2023-06-27 12:15,2023-06-27 13:45,90,91,180,4249.2,on_time
148,FL-10148,8,Iloilo,Manila,55,2023-06-07 20:45,2023-06-07 21:45,60,96,180,4261.88,delayed
149,FL-10149,2,Cebu,Manila,45,2023-01-25 13:30,2023-01-25 13:45,15,54,150,11511.83,delayed
150,FL-10150,10,Cebu,Manila,45,2023-11-29 11:30,2023-11-29 11:30,0,142,120,3572.5,on_time
151,FL-10151,4,Manila,Iloilo,55,2023-03-03 05:30,2023-03-03 06:15,45,165,120,13036.41,delayed
152,FL-10152,5,Cebu,Davao,50,2023-09-23 06:30,2023-09-23 07:15,45,111,180,2051.12,on_time
153,FL-10153,10,Davao,Manila,90,2023-03-07 06:15,2023-03-07 06:30,15,155,180,7961.41,cancelled
154,FL-10154,9,Manila,Iloilo,55,2023-12-28 22:30,2023-12-28 23:00,30,165,180,3487.08,on_time
155,FL-10155,5,Manila,Bacolod,50,2023-10-01 19:45,2023-10-01 19:45,0,148,160,4551.6,on_time
156,FL-10156,6,Cebu,Davao,50,2023-11-09 11:15,2023-11-09 11:15,0,56,180,9140.17,cancelled
157,FL-10157,2,Manila,Zamboanga,100,2023-04-21 22:30,2023-04-21 22:30,0,145,150,12074.66,on_time
158,FL-10158,7,Manila,Davao,90,2023-03-03 17:45,2023-03-03 17:45,0,175,180,14064.11,on_time
159,FL-10159,5,Cebu,Iloilo,40,2023-04-24 10:45,2023-04-24 10:45,0,171,150,6234.7,cancelled
160,FL-10160,9,Manila,Cagayan de Oro,85,2023-02-17 15:45,2023-02-17 15:45,0,172,160,10968.54,delayed
161,FL-10161,1,Manila,Zamboanga,100,2023-07-20 08:30,2023-07-20 08:30,0,153,160,2237.36,delayed
162,FL-10162,10,Manila,Bacolod,50,2023-06-03 20:30,2023-06-03 20:45,15,68,120,1977.26,on_time
163,FL-10163,10,Cebu,Davao,50,2023-06-02 13:15,2023-06-02 14:15,60,148,160,14387.88,on_time
164,FL-10164,10,Manila,Cebu,45,2023-12-29 11:00,2023-12-29 11:00,0,155,180,2358.98,on_time
165,FL-10165,8,Manila,Bacolod,50,2023-08-19 17:45,2023-08-19 17:45,0,84,160,5666.2,on_time
166,FL-10166,1,Cebu,Iloilo,40,2023-03-18 11:30,2023-03-18 11:30,0,116,150,4666.43,on_time
167,FL-10167,7,Davao,Manila,90,2023-01-02 12:45,2023-01-02 14:15,90,70,160,5064.9,on_time
168,FL-10168,6,Manila,Cebu,45,2023-04-17 17:15,2023-04-17 17:15,0,91,150,5996.36,cancelled
169,FL-10169,10,Cebu,Iloilo,40,2023-05-31 16:45,2023-05-31 17:00,15,143,180,4699.9,on_time
170,FL-10170,6,Cebu,Davao,50,2023-12-28 10:15,2023-12-28 10:15,0,67,120,13455.8,on_time
171,FL-10171,8,Manila,Davao,90,2023-09-20 20:00,2023-09-20 20:00,0,155,180,2221.46,on_time
172,FL-10172,9,Cebu,Manila,45,2023-12-22 17:30,2023-12-22 17:45,15,144,160,3978.33,on_time
173,FL-10173,10,Manila,Bacolod,50,2023-03-08 18:15,2023-03-08 20:15,120,118,150,3190.47,delayed
174,FL-10174,5,Iloilo,Manila,55,2023-04-29 10:00,2023-04-29 11:00,60,84,160,10782.44,delayed
175,FL-10175,7,Manila,Zamboanga,100,2023-07-17 09:00,2023-07-17 09:00,0,80,120,4116.32,on_time
176,FL-10176,9,Manila,Puerto Princesa,70,2023-03-03 17:30,2023-03-03 17:30,0,173,150,6541.32,on_time
177,FL-10177,5,Cebu,Iloilo,40,2023-04-25 17:45,2023-04-25 17:45,0,149,150,8870.3,on_time
178,FL-10178,3,Cebu,Iloilo,40,2023-02-24 22:30,2023-02-24 23:30,60,160,120,3550.11,on_time
179,FL-10179,10,Manila,Zamboanga,100,2023-10-19 09:30,2023-10-19 10:15,45,120,160,4572.11,delayed
180,FL-10180,6,Manila,Cagayan de Oro,85,2023-10-10 13:00,2023-10-10 13:00,0,66,120,13550.73,on_time
181,FL-10181,2,Manila,Kalibo,60,2023-01-03 10:30,2023-01-03 11:30,60,85,150,14887.15,delayed
182,FL-10182,1,Cebu,Iloilo,40,2023-08-01 16:45,2023-08-01 18:15,90,64,150,8932.47,cancelled
183,FL-10183,10,Manila,Bacolod,50,2023-05-10 13:15,2023-05-10 13:30,15,113,180,9211.94,cancelled
184,FL-10184,3,Manila,Cebu,45,2023-01-14 10:00,2023-01-14 10:00,0,119,160,1823.88,delayed
185,FL-10185,2,Manila,Zamboanga,100,2023-09-21 19:00,2023-09-21 19:00,0,66,160,1648.88,delayed
186,FL-10186,4,Manila,Zamboanga,100,2023-09-11 17:30,2023-09-11 19:00,90,75,180,6930.58,cancelled
187,FL-10187,5,Cebu,Manila,45,2023-11-16 05:00,2023-11-16 07:00,120,86,150,5868.87,cancelled
188,FL-10188,9,Cebu,Davao,50,2023-12-03 13:30,2023-12-03 14:30,60,140,160,5269.41,cancelled
189,FL-10189,10,Cebu,Davao,50,2023-02-18 13:30,2023-02-18 13:30,0,96,150,2133.31,on_time
190,FL-10190,5,Davao,Manila,90,2023-12-15 11:15,2023-12-15 11:45,30,77,150,3429.7,on_time
191,FL-10191,7,Manila,Iloilo,55,2023-01-12 05:45,2023-01-12 07:15,90,63,180,2778.96,delayed
192,FL-10192,4,Manila,Bacolod,50,2023-01-11 10:30,2023-01-11 10:30,0,77,160,7306.46,on_time
193,FL-10193,7,Cebu,Iloilo,40,2023-12-28 10:30,2023-12-28 10:30,0,149,160,13399.77,on_time
194,FL-10194,1,Davao,Manila,90,2023-03-17 17:00,2023-03-17 17:00,0,138,180,13060.83,cancelled
195,FL-10195,9,Cebu,Manila,45,2023-10-18 08:00,2023-10-18 09:00,60,161,180,7161.49,delayed
196,FL-10196,4,Davao,Manila,90,2023-07-12 22:00,2023-07-12 23:30,90,58,180,7532.0,delayed
197,FL-10197,10,Manila,Cebu,45,2023-01-28 15:15,2023-01-28 16:45,90,169,160,14903.77,cancelled
198,FL-10198,6,Iloilo,Manila,55,2023-04-07 20:45,2023-04-07 20:45,0,82,180,2999.21,on_time
199,FL-10199,3,Manila,Bacolod,50,2023-02-28 08:30,2023-02-28 08:45,15,66,150,13246.32,cancelled
200,FL-10200,5,Cebu,Davao,50,2023-09-23 16:45,2023-09-23 16:45,0,53,180,4145.86,on_time
201,FL-10201,4,Manila,Kalibo,60,2023-02-07 08:45,2023-02-07 09:45,60,111,120,12299.58,on_time
202,FL-10202,9,Cebu,Cagayan de Oro,35,2023-02-03 09:30,2023-02-03 09:30,0,75,160,1996.85,on_time
203,FL-10203,4,Manila,Bacolod,50,2023-05-28 08:45,2023-05-28 08:45,0,149,120,12964.2,delayed
204,FL-10204,8,Cebu,Iloilo,40,2023-02-06 07:15,2023-02-06 08:45,90,130,150,9059.59,delayed
205,FL-10205,1,Cebu,Manila,45,2023-06-23 15:30,2023-06-23 17:30,120,103,150,3939.09,on_time
206,FL-10206,10,Manila,Iloilo,55,2023-08-27 06:15,2023-08-27 06:30,15,79,160,14203.91,delayed
207,FL-10207,6,Iloilo,Manila,55,2023-06-07 11:00,2023-06-07 11:00,0,102,160,13251.05,delayed
208,FL-10208,3,Manila,Cagayan de Oro,85,2023-02-06 13:45,2023-02-06 14:15,30,154,160,7666.7,delayed
209,FL-10209,2,Manila,Davao,90,2023-06-27 21:45,2023-06-27 21:45,0,176,120,5345.81,on_time
210,FL-10210,2,Manila,Bacolod,50,2023-12-13 19:15,2023-12-13 20:15,60,149,150,11534.42,delayed
211,FL-10211,8,Manila,Cagayan de Oro,85,2023-11-24 07:30,2023-11-24 08:15,45,135,160,9387.94,cancelled
212,FL-10212,5,Manila,Zamboanga,100,2023-12-05 05:15,2023-12-05 05:15,0,155,160,3284.31,on_time
213,FL-10213,7,Cebu,Manila,45,2023-05-23 15:00,2023-05-23 17:00,120,76,120,7617.2,on_time
214,FL-10214,6,Manila,Davao,90,2023-01-09 16:00,2023-01-09 18:00,120,138,120,10517.61,on_time
215,FL-10215,2,Cebu,Iloilo,40,2023-07-05 10:45,2023-07-05 12:15,90,130,180,10556.73,delayed
216,FL-10216,4,Manila,Cebu,45,2023-01-11 17:45,2023-01-11 17:45,0,78,120,2398.44,delayed
217,FL-10217,7,Manila,Kalibo,60,2023-12-02 11:15,2023-12-02 12:15,60,144,150,8460.12,on_time
218,FL-10218,2,Manila,Puerto Princesa,70,2023-01-02 10:30,2023-01-02 11:30,60,80,180,7826.97,on_time
219,FL-10219,6,Cebu,Davao,50,2023-01-13 08:30,2023-01-13 09:15,45,78,120,5571.03,delayed
220,FL-10220,2,Iloilo,Manila,55,2023-02-04 12:15,2023-02-04 12:15,0,180,160,5468.61,on_time
221,FL-10221,10,Manila,Cagayan de Oro,85,2023-07-31 19:00,2023-07-31 19:00,0,165,150,9034.61,delayed
222,FL-10222,2,Manila,Iloilo,55,2023-09-15 09:15,2023-09-15 11:15,120,94,180,9843.16,cancelled
223,FL-10223,7,Manila,Davao,90,2023-01-06 12:15,2023-01-06 12:15,0,146,150,5470.81,delayed
224,FL-10224,7,Manila,Cebu,45,2023-02-26 20:30,2023-02-26 22:00,90,61,180,7117.86,on_time
225,FL-10225,5,Manila,Cagayan de Oro,85,2023-10-02 08:45,2023-10-02 09:15,30,175,150,10329.33,delayed
226,FL-10226,10,Manila,Iloilo,55,2023-09-14 08:45,2023-09-14 09:00,15,118,160,4470.66,on_time
227,FL-10227,8,Cebu,Manila,45,2023-07-16 16:45,2023-07-16 17:15,30,165,120,2169.17,delayed
228,FL-10228,3,Manila,Cebu,45,2023-09-28 17:30,2023-09-28 18:15,45,107,120,11127.11,on_time
229,FL-10229,6,Cebu,Davao,50,2023-09-05 12:45,2023-09-05 12:45,0,145,180,9509.39,on_time
230,FL-10230,10,Manila,Cebu,45,2023-07-02 12:30,2023-07-02 14:30,120,144,160,4332.23,delayed
231,FL-10231,6,Manila,Cebu,45,2023-04-05 20:00,2023-04-05 21:30,90,138,120,13053.06,on_time
232,FL-10232,10,Manila,Zamboanga,100,2023-05-19 18:30,2023-05-19 19:15,45,72,160,9224.78,on_time
233,FL-10233,7,Manila,Davao,90,2023-04-26 13:30,2023-04-26 13:30,0,131,150,12561.37,on_time
234,FL-10234,5,Manila,Kalibo,60,2023-01-30 20:00,2023-01-30 20:45,45,71,150,14018.77,cancelled
235,FL-10235,1,Manila,Puerto Princesa,70,2023-11-12 11:00,2023-11-12 12:00,60,157,160,10675.2,on_time
236,FL-10236,2,Manila,Iloilo,55,2023-08-14 09:45,2023-08-14 10:45,60,161,120,7507.51,cancelled
237,FL-10237,2,Manila,Puerto Princesa,70,2023-03-01 16:00,2023-03-01 16:00,0,151,160,10827.61,cancelled
238,FL-10238,2,Davao,Manila,90,2023-04-19 08:45,2023-04-19 09:15,30,85,120,3593.5,on_time
239,FL-10239,7,Cebu,Iloilo,40,2023-01-17 18:45,2023-01-17 18:45,0,176,180,7396.04,delayed
240,FL-10240,8,Davao,Manila,90,2023-02-23 22:15,2023-02-24 00:15,120,132,150,1698.93,on_time
241,FL-10241,6,Manila,Kalibo,60,2023-07-13 21:45,2023-07-13 22:45,60,168,160,11906.85,on_time
242,FL-10242,7,Cebu,Iloilo,40,2023-06-17 07:45,2023-06-17 07:45,0,116,160,11360.53,delayed
243,FL-10243,5,Manila,Cebu,45,2023-02-02 13:45,2023-02-02 13:45,0,104,180,13758.97,on_time
244,FL-10244,3,Davao,Manila,90,2023-07-31 21:45,2023-07-31 22:30,45,174,120,4622.84,delayed
245,FL-10245,5,Manila,Davao,90,2023-09-14 09:00,2023-09-14 09:30,30,90,180,5995.98,on_time
246,FL-10246,6,Cebu,Iloilo,40,2023-06-04 08:15,2023-06-04 08:15,0,105,150,13125.62,cancelled
247,FL-10247,6,Iloilo,Manila,55,2023-03-03 10:15,2023-03-03 12:15,120,93,160,10805.26,on_time
248,FL-10248,5,Manila,Davao,90,2023-11-08 13:00,2023-11-08 13:00,0,141,120,3828.67,on_time
249,FL-10249,5,Manila,Kalibo,60,2023-05-27 13:15,2023-05-27 13:30,15,174,120,5180.33,on_time
250,FL-10250,5,Cebu,Cagayan de Oro,35,2023-09-18 09:45,2023-09-18 09:45,0,83,120,8841.14,cancelled
251,FL-10251,9,Manila,Iloilo,55,2023-12-04 13:30,2023-12-04 13:30,0,159,160,10299.61,delayed
252,FL-10252,8,Manila,Cagayan de Oro,85,2023-08-20 16:30,2023-08-20 16:30,0,179,160,9141.26,on_time
253,FL-10253,2,Manila,Cagayan de Oro,85,2023-10-09 08:00,2023-10-09 08:15,15,50,120,14101.78,on_time
254,FL-10254,6,Manila,Cagayan de Oro,85,2023-06-08 16:15,2023-06-08 16:15,0,67,150,1900.57,delayed
255,FL-10255,9,Manila,Iloilo,55,2023-10-05 07:45,2023-10-05 09:15,90,97,120,8610.51,on_time
256,FL-10256,8,Iloilo,Manila,55,2023-04-12 08:45,2023-04-12 08:45,0,174,150,2562.37,delayed
257,FL-10257,9,Manila,Cebu,45,2023-10-15 07:15,2023-10-15 07:30,15,115,160,4462.07,on_time
258,FL-10258,9,Manila,Iloilo,55,2023-03-21 18:00,2023-03-21 20:00,120,175,160,14098.88,on_time
259,FL-10259,9,Cebu,Cagayan de Oro,35,2023-03-22 06:00,2023-03-22 06:00,0,126,160,14421.69,on_time
260,FL-10260,1,Cebu,Manila,45,2023-03-18 10:00,2023-03-18 10:00,0,145,120,14435.45,on_time
261,FL-10261,4,Cebu,Manila,45,2023-07-28 16:30,2023-07-28 16:30,0,138,180,1701.84,on_time
262,FL-10262,1,Manila,Zamboanga,100,2023-10-27 16:30,2023-10-27 18:00,90,140,180,10296.18,delayed
263,FL-10263,4,Manila,Iloilo,55,2023-03-18 11:30,2023-03-18 12:30,60,172,150,12079.39,on_time
264,FL-10264,4,Manila,Iloilo,55,2023-12-14 13:30,2023-12-14 15:30,120,55,150,5696.36,on_time
265,FL-10265,9,Manila,Zamboanga,100,2023-06-18 11:00,2023-06-18 11:00,0,73,120,10743.81,delayed
266,FL-10266,8,Manila,Cagayan de Oro,85,2023-04-22 06:45,2023-04-22 08:15,90,85,160,10541.7,on_time
267,FL-10267,7,Manila,Davao,90,2023-03-11 18:15,2023-03-11 18:45,30,102,180,13740.54,delayed
268,FL-10268,2,Iloilo,Manila,55,2023-09-01 05:00,2023-09-01 06:00,60,58,180,14381.93,delayed
269,FL-10269,3,Manila,Iloilo,55,2023-02-04 11:15,2023-02-04 12:15,60,107,160,6115.84,on_time
270,FL-10270,6,Manila,Iloilo,55,2023-01-22 11:15,2023-01-22 11:15,0,110,180,6459.25,cancelled
271,FL-10271,5,Manila,Davao,90,2023-03-16 07:15,2023-03-16 07:45,30,62,120,5643.96,on_time
272,FL-10272,2,Iloilo,Manila,55,2023-05-21 21:45,2023-05-21 23:15,90,117,120,2600.04,on_time
273,FL-10273,2,Manila,Cebu,45,2023-06-08 21:15,2023-06-08 21:15,0,134,120,5474.79,delayed
274,FL-10274,6,Cebu,Iloilo,40,2023-11-05 20:45,2023-11-05 20:45,0,98,150,14244.89,cancelled
275,FL-10275,8,Manila,Cebu,45,2023-10-27 17:00,2023-10-27 17:15,15,91,120,3835.95,cancelled
276,FL-10276,4,Manila,Bacolod,50,2023-01-11 05:15,2023-01-11 06:00,45,177,120,7778.76,on_time
277,FL-10277,1,Cebu,Davao,50,2023-03-27 14:00,2023-03-27 14:30,30,116,160,10784.45,on_time
278,FL-10278,6,Iloilo,Manila,55,2023-03-27 16:15,2023-03-27 18:15,120,156,180,8791.63,delayed
279,FL-10279,6,Manila,Zamboanga,100,2023-09-09 12:15,2023-09-09 13:15,60,180,160,11830.44,cancelled
280,FL-10280,4,Cebu,Davao,50,2023-10-12 17:15,2023-10-12 17:45,30,122,120,10057.03,on_time
281,FL-10281,8,Cebu,Davao,50,2023-10-14 08:45,2023-10-14 10:15,90,147,120,10447.08,delayed
282,FL-10282,8,Manila,Zamboanga,100,2023-10-21 19:00,2023-10-21 19:00,0,131,180,10128.98,on_time
283,FL-10283,3,Manila,Kalibo,60,2023-01-14 13:45,2023-01-14 13:45,0,71,160,12299.15,on_time
284,FL-10284,7,Iloilo,Manila,55,2023-01-22 13:15,2023-01-22 14:45,90,76,180,6266.75,on_time
285,FL-10285,8,Manila,Davao,90,2023-09-04 09:30,2023-09-04 10:00,30,178,160,14005.33,cancelled
286,FL-10286,8,Manila,Cagayan de Oro,85,2023-06-02 09:15,2023-06-02 09:30,15,126,150,3088.17,delayed
287,FL-10287,4,Manila,Zamboanga,100,2023-01-23 05:30,2023-01-23 06:30,60,152,120,14680.51,on_time
288,FL-10288,5,Manila,Davao,90,2023-05-28 17:30,2023-05-28 17:45,15,97,160,14797.81,delayed
289,FL-10289,3,Manila,Kalibo,60,2023-12-09 06:45,2023-12-09 07:30,45,150,120,9183.49,delayed
290,FL-10290,8,Manila,Kalibo,60,2023-04-26 17:30,2023-04-26 17:30,0,55,150,8248.7,on_time
291,FL-10291,10,Manila,Cagayan de Oro,85,2023-03-02 09:45,2023-03-02 10:15,30,169,160,10826.64,on_time
292,FL-10292,5,Manila,Kalibo,60,2023-12-18 08:30,2023-12-18 09:00,30,63,120,5422.29,delayed
293,FL-10293,5,Iloilo,Manila,55,2023-08-26 06:30,2023-08-26 06:30,0,121,150,8554.44,delayed
294,FL-10294,1,Manila,Davao,90,2023-02-19 22:00,2023-02-19 23:00,60,113,160,4189.7,delayed
295,FL-10295,4,Cebu,Davao,50,2023-08-11 15:45,2023-08-11 15:45,0,136,120,14442.29,on_time
296,FL-10296,9,Davao,Manila,90,2023-08-01 11:45,2023-08-01 11:45,0,171,120,3146.33,delayed
297,FL-10297,7,Cebu,Iloilo,40,2023-11-19 22:30,2023-11-20 00:30,120,157,120,8624.23,on_time
298,FL-10298,1,Manila,Iloilo,55,2023-11-11 09:15,2023-11-11 10:45,90,119,160,5120.18,cancelled
299,FL-10299,1,Manila,Cebu,45,2023-08-22 06:45,2023-08-22 06:45,0,171,150,14388.28,on_time
300,FL-10300,2,Davao,Manila,90,2023-01-02 13:45,2023-01-02 15:45,120,162,150,14936.23,delayed
301,FL-10301,4,Iloilo,Manila,55,2023-07-26 12:45,2023-07-26 12:45,0,72,150,4810.5,delayed
302,FL-10302,7,Cebu,Iloilo,40,2023-01-09 17:00,2023-01-09 17:45,45,169,120,4307.39,on_time
303,FL-10303,8,Manila,Bacolod,50,2023-10-28 15:00,2023-10-28 15:30,30,127,120,4482.76,cancelled
304,FL-10304,10,Davao,Manila,90,2023-07-30 17:15,2023-07-30 17:30,15,58,120,11059.14,delayed
305,FL-10305,6,Manila,Cagayan de Oro,85,2023-12-06 18:15,2023-12-06 19:15,60,161,160,4351.47,on_time
306,FL-10306,5,Cebu,Manila,45,2023-11-15 07:45,2023-11-15 08:45,60,166,180,10651.12,delayed
307,FL-10307,7,Cebu,Cagayan de Oro,35,2023-12-10 07:15,2023-12-10 07:30,15,108,180,7373.96,cancelled
308,FL-10308,4,Manila,Zamboanga,100,2023-11-04 07:30,2023-11-04 09:30,120,150,120,12838.53,on_time
309,FL-10309,7,Cebu,Cagayan de Oro,35,2023-05-13 07:45,2023-05-13 07:45,0,151,160,14914.57,on_time
310,FL-10310,7,Manila,Puerto Princesa,70,2023-01-31 20:00,2023-01-31 20:00,0,150,120,9469.72,cancelled
311,FL-10311,6,Manila,Puerto Princesa,70,2023-07-06 20:30,2023-07-06 20:45,15,154,150,14825.52,on_time
312,FL-10312,10,Cebu,Cagayan de Oro,35,2023-06-16 21:00,2023-06-16 21:15,15,137,180,5915.0,cancelled
313,FL-10313,8,Cebu,Cagayan de Oro,35,2023-12-06 20:30,2023-12-06 21:15,45,87,120,9678.91,delayed
314,FL-10314,9,Cebu,Iloilo,40,2023-10-13 19:00,2023-10-13 19:15,15,140,180,11745.43,on_time
315,FL-10315,5,Manila,Cebu,45,2023-10-07 10:30,2023-10-07 10:30,0,147,160,3477.35,delayed
316,FL-10316,9,Davao,Manila,90,2023-01-13 22:30,2023-01-13 23:15,45,153,150,12141.81,cancelled
317,FL-10317,10,Manila,Bacolod,50,2023-05-08 11:15,2023-05-08 11:15,0,80,120,10099.58,on_time
318,FL-10318,4,Manila,Puerto Princesa,70,2023-05-16 05:45,2023-05-16 05:45,0,57,160,13103.66,on_time
319,FL-10319,6,Iloilo,Manila,55,2023-12-25 15:30,2023-12-25 15:30,0,171,160,1873.2,delayed
320,FL-10320,10,Manila,Zamboanga,100,2023-09-16 16:15,2023-09-16 17:45,90,107,160,3528.02,on_time
321,FL-10321,8,Cebu,Cagayan de Oro,35,2023-08-09 10:15,2023-08-09 12:15,120,93,180,6294.77,cancelled
322,FL-10322,4,Cebu,Davao,50,2023-06-13 12:45,2023-06-13 13:15,30,65,150,8154.72,cancelled
323,FL-10323,2,Manila,Cebu,45,2023-12-15 22:00,2023-12-15 22:00,0,132,120,9512.3,delayed
324,FL-10324,9,Iloilo,Manila,55,2023-07-17 07:00,2023-07-17 07:45,45,55,150,8975.2,on_time
325,FL-10325,3,Manila,Kalibo,60,2023-12-23 15:00,2023-12-23 16:00,60,123,150,9078.0,on_time
326,FL-10326,6,Manila,Cagayan de Oro,85,2023-01-02 12:30,2023-01-02 12:45,15,116,120,1719.11,on_time
327,FL-10327,10,Cebu,Manila,45,2023-03-30 13:15,2023-03-30 13:15,0,91,120,7832.6,delayed
328,FL-10328,5,Manila,Cagayan de Oro,85,2023-10-07 19:15,2023-10-07 20:00,45,149,160,8305.81,delayed
329,FL-10329,9,Cebu,Iloilo,40,2023-10-22 22:15,2023-10-22 22:30,15,55,160,5564.01,on_time
330,FL-10330,1,Manila,Kalibo,60,2023-11-14 19:30,2023-11-14 21:00,90,98,160,13226.3,delayed
331,FL-10331,8,Manila,Kalibo,60,2023-12-21 16:45,2023-12-21 16:45,0,151,150,13385.97,cancelled
332,FL-10332,4,Manila,Bacolod,50,2023-02-08 08:15,2023-02-08 09:45,90,135,180,8449.99,on_time
333,FL-10333,5,Manila,Cebu,45,2023-09-22 16:00,2023-09-22 17:30,90,78,120,13197.04,delayed
334,FL-10334,2,Manila,Puerto Princesa,70,2023-08-18 22:45,2023-08-19 00:45,120,64,150,2426.17,cancelled
335,FL-10335,8,Manila,Cagayan de Oro,85,2023-04-21 19:30,2023-04-21 21:30,120,54,120,4470.21,cancelled
336,FL-10336,10,Manila,Cagayan de Oro,85,2023-02-07 12:30,2023-02-07 13:00,30,95,120,14683.08,on_time
337,FL-10337,4,Manila,Zamboanga,100,2023-04-25 10:00,2023-04-25 10:30,30,58,150,12178.41,cancelled
338,FL-10338,3,Manila,Cebu,45,2023-08-31 15:30,2023-08-31 15:30,0,131,120,9804.85,cancelled
339,FL-10339,10,Manila,Cebu,45,2023-06-05 17:30,2023-06-05 18:15,45,97,180,8183.89,on_time
340,FL-10340,10,Manila,Cagayan de Oro,85,2023-05-23 13:15,2023-05-23 13:15,0,66,160,4017.38,on_time
341,FL-10341,5,Cebu,Manila,45,2023-12-07 08:45,2023-12-07 09:15,30,176,120,2294.89,delayed
342,FL-10342,7,Iloilo,Manila,55,2023-03-04 21:30,2023-03-04 21:30,0,79,120,6356.8,delayed
343,FL-10343,9,Cebu,Davao,50,2023-06-18 17:15,2023-06-18 19:15,120,96,150,8253.12,delayed
344,FL-10344,10,Manila,Kalibo,60,2023-11-17 12:45,2023-11-17 12:45,0,174,120,2554.62,on_time
345,FL-10345,4,Manila,Iloilo,55,2023-07-16 19:15,2023-07-16 20:00,45,146,150,11773.84,cancelled
346,FL-10346,6,Manila,Cebu,45,2023-02-04 09:30,2023-02-04 09:30,0,59,120,4760.63,cancelled
347,FL-10347,3,Cebu,Manila,45,2023-02-14 06:15,2023-02-14 06:45,30,59,120,4604.65,on_time
348,FL-10348,8,Manila,Cagayan de Oro,85,2023-02-27 18:15,2023-02-27 18:15,0,93,120,3776.63,delayed
349,FL-10349,7,Cebu,Cagayan de Oro,35,2023-07-29 09:45,2023-07-29 11:45,120,180,120,6738.25,delayed
350,FL-10350,1,Manila,Zamboanga,100,2023-11-11 05:15,2023-11-11 05:45,30,52,180,13484.11,delayed
351,FL-10351,7,Manila,Bacolod,50,2023-05-29 22:30,2023-05-29 22:30,0,91,180,12300.46,on_time
352,FL-10352,2,Manila,Puerto Princesa,70,2023-12-01 06:30,2023-12-01 06:45,15,126,160,4800.06,on_time
353,FL-10353,3,Manila,Puerto Princesa,70,2023-11-18 17:30,2023-11-18 17:45,15,78,120,11496.56,cancelled
354,FL-10354,10,Cebu,Davao,50,2023-11-06 13:15,2023-11-06 14:15,60,119,150,5004.96,delayed
355,FL-10355,2,Iloilo,Manila,55,2023-03-09 06:45,2023-03-09 08:45,120,121,150,5858.18,delayed
356,FL-10356,4,Cebu,Manila,45,2023-05-18 19:00,2023-05-18 19:15,15,97,160,8332.99,delayed
357,FL-10357,9,Manila,Cagayan de Oro,85,2023-05-15 11:45,2023-05-15 13:15,90,136,120,3054.48,cancelled
358,FL-10358,6,Manila,Cebu,45,2023-11-25 13:45,2023-11-25 15:15,90,56,120,7321.8,on_time
359,FL-10359,8,Cebu,Cagayan de Oro,35,2023-04-02 19:45,2023-04-02 20:30,45,118,160,9085.49,on_time
360,FL-10360,8,Cebu,Davao,50,2023-10-03 09:15,2023-10-03 09:15,0,91,120,7193.93,on_time
361,FL-10361,4,Davao,Manila,90,2023-10-21 16:00,2023-10-21 16:30,30,75,120,3377.58,cancelled
362,FL-10362,5,Manila,Bacolod,50,2023-12-17 13:45,2023-12-17 14:15,30,78,120,10161.63,on_time
363,FL-10363,4,Cebu,Iloilo,40,2023-02-21 05:15,2023-02-21 05:15,0,91,160,3229.31,delayed
364,FL-10364,6,Manila,Puerto Princesa,70,2023-03-03 16:30,2023-03-03 17:15,45,111,120,10642.22,on_time
365,FL-10365,8,Manila,Zamboanga,100,2023-05-27 18:45,2023-05-27 18:45,0,52,180,7931.8,on_time
366,FL-10366,10,Cebu,Iloilo,40,2023-09-18 10:30,2023-09-18 10:30,0,83,160,9693.74,cancelled
367,FL-10367,5,Manila,Davao,90,2023-02-07 19:45,2023-02-07 20:00,15,150,180,14047.35,cancelled
368,FL-10368,6,Cebu,Iloilo,40,2023-02-11 08:00,2023-02-11 08:45,45,70,150,7494.85,delayed
369,FL-10369,2,Cebu,Manila,45,2023-11-05 12:15,2023-11-05 13:15,60,125,160,6466.18,on_time
370,FL-10370,1,Manila,Puerto Princesa,70,2023-01-02 10:45,2023-01-02 10:45,0,83,150,3336.48,cancelled
371,FL-10371,2,Manila,Puerto Princesa,70,2023-10-18 09:15,2023-10-18 09:45,30,164,150,9668.09,on_time
372,FL-10372,1,Manila,Zamboanga,100,2023-06-21 09:45,2023-06-21 09:45,0,77,120,14673.31,on_time
373,FL-10373,7,Cebu,Iloilo,40,2023-04-16 06:15,2023-04-16 07:15,60,176,160,5642.64,delayed
374,FL-10374,2,Manila,Cagayan de Oro,85,2023-08-03 10:45,2023-08-03 12:45,120,96,160,2316.56,delayed
375,FL-10375,1,Cebu,Cagayan de Oro,35,2023-09-16 12:15,2023-09-16 13:45,90,122,150,3813.58,delayed
376,FL-10376,3,Cebu,Davao,50,2023-11-01 13:15,2023-11-01 13:45,30,157,150,7757.96,on_time
377,FL-10377,2,Davao,Manila,90,2023-04-29 10:15,2023-04-29 11:00,45,177,180,6421.46,on_time
378,FL-10378,3,Manila,Davao,90,2023-04-26 12:15,2023-04-26 12:15,0,179,180,6990.79,cancelled
379,FL-10379,7,Cebu,Davao,50,2023-07-07 08:30,2023-07-07 09:00,30,169,160,9072.68,on_time
380,FL-10380,3,Cebu,Cagayan de Oro,35,2023-05-28 17:00,2023-05-28 17:15,15,148,160,9178.86,on_time
381,FL-10381,10,Manila,Zamboanga,100,2023-07-13 08:15,2023-07-13 09:45,90,71,160,11996.14,delayed
382,FL-10382,2,Manila,Cagayan de Oro,85,2023-02-04 16:45,2023-02-04 16:45,0,124,180,12381.5,on_time
383,FL-10383,8,Manila,Puerto Princesa,70,2023-01-16 11:30,2023-01-16 12:30,60,99,120,3118.74,on_time
384,FL-10384,10,Manila,Davao,90,2023-10-11 05:15,2023-10-11 06:15,60,169,180,5811.56,on_time
385,FL-10385,7,Davao,Manila,90,2023-08-13 16:30,2023-08-13 16:30,0,142,120,3200.55,cancelled
386,FL-10386,3,Manila,Davao,90,2023-10-13 08:00,2023-10-13 08:00,0,155,150,5539.09,on_time
387,FL-10387,5,Iloilo,Manila,55,2023-05-31 07:45,2023-05-31 07:45,0,171,150,11999.53,cancelled
388,FL-10388,3,Manila,Davao,90,2023-09-23 21:45,2023-09-23 23:15,90,163,120,12544.57,cancelled
389,FL-10389,3,Manila,Cebu,45,2023-06-08 08:45,2023-06-08 08:45,0,169,150,9119.49,on_time
390,FL-10390,10,Manila,Kalibo,60,2023-06-19 08:30,2023-06-19 09:15,45,50,180,8894.06,on_time
391,FL-10391,2,Manila,Cagayan de Oro,85,2023-06-28 13:15,2023-06-28 14:00,45,134,150,7278.02,on_time
392,FL-10392,1,Manila,Zamboanga,100,2023-12-12 19:00,2023-12-12 20:30,90,85,150,9154.56,delayed
393,FL-10393,8,Iloilo,Manila,55,2023-01-02 11:45,2023-01-02 11:45,0,171,180,3904.64,delayed
394,FL-10394,4,Iloilo,Manila,55,2023-11-27 08:30,2023-11-27 08:30,0,159,150,13799.38,on_time
395,FL-10395,8,Manila,Cebu,45,2023-03-07 16:00,2023-03-07 16:00,0,122,160,7400.02,delayed
396,FL-10396,8,Manila,Cebu,45,2023-07-09 19:30,2023-07-09 21:30,120,87,150,2110.39,delayed
397,FL-10397,6,Iloilo,Manila,55,2023-01-17 22:00,2023-01-17 22:45,45,107,160,1907.68,on_time
398,FL-10398,6,Manila,Cagayan de Oro,85,2023-02-28 14:15,2023-02-28 14:15,0,147,160,3880.76,on_time
399,FL-10399,1,Cebu,Davao,50,2023-08-16 12:15,2023-08-16 12:15,0,101,150,6608.5,delayed
400,FL-10400,2,Cebu,Cagayan de Oro,35,2023-06-05 06:45,2023-06-05 07:45,60,140,120,7868.08,on_time
401,FL-10401,2,Cebu,Cagayan de Oro,35,2023-06-02 15:00,2023-06-02 15:00,0,134,150,14053.17,on_time
402,FL-10402,8,Manila,Davao,90,2023-06-04 19:00,2023-06-04 21:00,120,131,150,2680.86,delayed
403,FL-10403,9,Manila,Bacolod,50,2023-01-18 06:30,2023-01-18 06:45,15,124,180,6881.0,on_time
404,FL-10404,7,Iloilo,Manila,55,2023-02-06 18:15,2023-02-06 19:00,45,137,180,4570.73,on_time
405,FL-10405,1,Cebu,Cagayan de Oro,35,2023-06-07 18:30,2023-06-07 20:00,90,124,180,13988.79,delayed
406,FL-10406,6,Manila,Zamboanga,100,2023-01-09 19:00,2023-01-09 19:30,30,175,180,2752.31,delayed
407,FL-10407,1,Manila,Cebu,45,2023-06-01 14:15,2023-06-01 14:15,0,110,120,12352.5,delayed
408,FL-10408,1,Manila,Cebu,45,2023-07-04 05:45,2023-07-04 07:15,90,91,120,7158.69,delayed
409,FL-10409,9,Cebu,Cagayan de Oro,35,2023-12-01 20:00,2023-12-01 20:30,30,148,160,8292.43,cancelled
410,FL-10410,3,Cebu,Cagayan de Oro,35,2023-12-12 14:45,2023-12-12 16:15,90,63,120,9590.25,on_time
411,FL-10411,1,Cebu,Manila,45,2023-10-25 10:30,2023-10-25 10:30,0,175,120,11427.98,on_time
412,FL-10412,7,Manila,Bacolod,50,2023-01-04 15:15,2023-01-04 16:00,45,120,120,7026.55,delayed
413,FL-10413,1,Manila,Puerto Princesa,70,2023-10-29 21:00,2023-10-29 21:00,0,163,180,4857.22,on_time
414,FL-10414,10,Manila,Davao,90,2023-07-15 19:00,2023-07-15 20:00,60,82,160,8961.6,delayed
415,FL-10415,3,Manila,Davao,90,2023-06-20 17:45,2023-06-20 19:15,90,171,180,3297.4,on_time
416,FL-10416,9,Manila,Cebu,45,2023-04-27 12:15,2023-04-27 13:15,60,173,160,10362.39,on_time
417,FL-10417,1,Manila,Zamboanga,100,2023-03-08 07:15,2023-03-08 07:15,0,110,120,4772.01,on_time
418,FL-10418,5,Manila,Bacolod,50,2023-10-08 08:45,2023-10-08 09:00,15,170,150,11581.9,delayed
419,FL-10419,5,Cebu,Cagayan de Oro,35,2023-09-26 15:15,2023-09-26 15:15,0,115,150,3847.02,cancelled
420,FL-10420,1,Manila,Davao,90,2023-12-26 18:30,2023-12-26 20:30,120,69,120,2087.35,on_time
421,FL-10421,8,Davao,Manila,90,2023-01-25 19:15,2023-01-25 19:45,30,161,160,2296.92,on_time
422,FL-10422,7,Cebu,Cagayan de Oro,35,2023-07-27 19:15,2023-07-27 19:15,0,165,180,10687.8,delayed
423,FL-10423,2,Manila,Puerto Princesa,70,2023-03-22 05:45,2023-03-22 05:45,0,108,150,4489.99,delayed
424,FL-10424,10,Manila,Bacolod,50,2023-03-10 05:15,2023-03-10 05:30,15,94,160,2623.28,cancelled
425,FL-10425,6,Manila,Davao,90,2023-12-06 06:00,2023-12-06 07:00,60,174,120,14455.55,delayed
426,FL-10426,1,Cebu,Iloilo,40,2023-11-04 10:30,2023-11-04 11:00,30,65,120,10207.4,on_time
427,FL-10427,8,Iloilo,Manila,55,2023-09-06 11:00,2023-09-06 13:00,120,103,180,13653.15,cancelled
428,FL-10428,1,Cebu,Manila,45,2023-10-11 15:30,2023-10-11 15:30,0,151,160,5208.78,cancelled
429,FL-10429,10,Manila,Davao,90,2023-06-06 17:00,2023-06-06 17:00,0,180,180,6318.14,on_time
430,FL-10430,10,Cebu,Davao,50,2023-12-17 11:30,2023-12-17 11:30,0,133,120,8566.9,delayed
431,FL-10431,5,Manila,Puerto Princesa,70,2023-06-23 20:30,2023-06-23 22:00,90,141,120,7009.51,on_time
432,FL-10432,10,Manila,Bacolod,50,2023-03-10 14:45,2023-03-10 14:45,0,138,150,4845.1,on_time
433,FL-10433,9,Manila,Bacolod,50,2023-11-12 10:00,2023-11-12 12:00,120,162,180,3315.05,on_time
434,FL-10434,5,Davao,Manila,90,2023-01-31 19:45,2023-01-31 19:45,0,55,160,2784.77,on_time
435,FL-10435,8,Manila,Zamboanga,100,2023-11-07 18:30,2023-11-07 20:00,90,103,160,13678.21,on_time
436,FL-10436,10,Manila,Davao,90,2023-10-25 07:45,2023-10-25 07:45,0,82,150,11182.17,delayed
437,FL-10437,1,Iloilo,Manila,55,2023-03-09 06:45,2023-03-09 07:45,60,176,120,7557.57,on_time
438,FL-10438,9,Manila,Cebu,45,2023-01-03 19:00,2023-01-03 19:30,30,95,180,5945.06,delayed
439,FL-10439,7,Manila,Iloilo,55,2023-09-21 21:30,2023-09-21 21:45,15,125,160,2656.17,delayed
440,FL-10440,4,Cebu,Davao,50,2023-04-08 05:00,2023-04-08 05:00,0,174,120,7878.5,on_time
441,FL-10441,10,Manila,Puerto Princesa,70,2023-06-21 17:30,2023-06-21 17:45,15,109,120,4486.06,on_time
442,FL-10442,1,Manila,Bacolod,50,2023-03-23 20:45,2023-03-23 21:30,45,144,160,5637.11,on_time
443,FL-10443,7,Davao,Manila,90,2023-02-22 19:00,2023-02-22 19:30,30,62,150,10977.78,on_time
444,FL-10444,4,Cebu,Davao,50,2023-05-06 14:15,2023-05-06 15:45,90,177,120,13966.04,delayed
445,FL-10445,1,Cebu,Iloilo,40,2023-07-08 11:00,2023-07-08 11:00,0,125,120,1533.53,on_time
446,FL-10446,2,Manila,Bacolod,50,2023-07-02 06:15,2023-07-02 07:00,45,111,150,2802.13,delayed
447,FL-10447,1,Manila,Zamboanga,100,2023-03-06 19:00,2023-03-06 19:15,15,162,120,4794.98,delayed
448,FL-10448,5,Manila,Bacolod,50,2023-01-02 22:45,2023-01-03 00:15,90,111,180,14296.8,cancelled
449,FL-10449,4,Cebu,Iloilo,40,2023-04-12 08:45,2023-04-12 09:00,15,107,120,8375.74,on_time
450,FL-10450,1,Cebu,Manila,45,2023-09-28 08:00,2023-09-28 09:00,60,149,150,3795.68,cancelled
451,FL-10451,9,Cebu,Iloilo,40,2023-04-17 05:15,2023-04-17 05:15,0,170,120,6176.17,delayed
452,FL-10452,8,Manila,Bacolod,50,2023-08-02 08:00,2023-08-02 08:00,0,122,150,1825.36,on_time
453,FL-10453,10,Manila,Kalibo,60,2023-03-12 14:45,2023-03-12 14:45,0,152,180,8540.68,cancelled
454,FL-10454,3,Manila,Bacolod,50,2023-12-16 20:15,2023-12-16 21:15,60,105,160,6162.51,on_time
455,FL-10455,8,Cebu,Iloilo,40,2023-08-31 19:15,2023-08-31 19:30,15,120,180,11880.79,on_time
456,FL-10456,4,Cebu,Cagayan de Oro,35,2023-05-20 14:00,2023-05-20 16:00,120,179,150,8993.74,delayed
457,FL-10457,6,Manila,Davao,90,2023-08-25 07:45,2023-08-25 08:45,60,103,120,13022.26,delayed
458,FL-10458,8,Davao,Manila,90,2023-01-29 08:45,2023-01-29 08:45,0,167,120,3353.14,delayed
459,FL-10459,7,Manila,Davao,90,2023-02-25 09:00,2023-02-25 09:00,0,68,180,8971.98,on_time
460,FL-10460,5,Manila,Bacolod,50,2023-11-11 22:00,2023-11-11 22:00,0,101,160,7325.33,cancelled
461,FL-10461,10,Manila,Iloilo,55,2023-02-04 13:15,2023-02-04 13:15,0,105,160,7022.97,delayed
462,FL-10462,8,Manila,Cagayan de Oro,85,2023-04-15 11:00,2023-04-15 11:45,45,57,120,12400.35,delayed
463,FL-10463,1,Manila,Iloilo,55,2023-06-29 15:15,2023-06-29 15:15,0,101,160,11327.81,delayed
464,FL-10464,5,Manila,Zamboanga,100,2023-04-12 13:15,2023-04-12 14:45,90,138,150,14381.15,delayed
465,FL-10465,5,Manila,Cebu,45,2023-11-28 06:30,2023-11-28 06:30,0,60,150,4765.64,on_time
466,FL-10466,3,Manila,Cagayan de Oro,85,2023-08-28 13:15,2023-08-28 13:45,30,50,150,9649.25,on_time
467,FL-10467,4,Iloilo,Manila,55,2023-10-26 15:00,2023-10-26 15:45,45,122,150,14861.7,delayed
468,FL-10468,3,Manila,Bacolod,50,2023-04-26 05:15,2023-04-26 05:45,30,80,180,3334.49,delayed
469,FL-10469,9,Manila,Zamboanga,100,2023-11-07 22:00,2023-11-07 22:00,0,110,160,3167.63,delayed
470,FL-10470,2,Manila,Zamboanga,100,2023-05-31 05:45,2023-05-31 07:15,90,166,180,3906.22,delayed
471,FL-10471,4,Manila,Davao,90,2023-12-16 13:15,2023-12-16 13:15,0,99,120,3918.15,cancelled
472,FL-10472,10,Manila,Iloilo,55,2023-11-26 20:45,2023-11-26 22:45,120,86,160,8340.49,delayed
473,FL-10473,9,Manila,Puerto Princesa,70,2023-04-21 13:00,2023-04-21 15:00,120,126,160,8909.53,on_time
474,FL-10474,5,Manila,Zamboanga,100,2023-07-10 18:45,2023-07-10 20:15,90,97,160,14379.03,delayed
475,FL-10475,9,Cebu,Iloilo,40,2023-06-23 10:45,2023-06-23 11:45,60,72,120,1734.37,delayed
476,FL-10476,10,Cebu,Cagayan de Oro,35,2023-04-28 18:45,2023-04-28 20:45,120,142,160,2722.54,cancelled
477,FL-10477,1,Davao,Manila,90,2023-08-08 20:45,2023-08-08 20:45,0,150,160,5524.35,on_time
478,FL-10478,3,Manila,Iloilo,55,2023-12-31 10:15,2023-12-31 12:15,120,106,160,2698.25,delayed
479,FL-10479,9,Manila,Cebu,45,2023-04-13 19:00,2023-04-13 20:00,60,91,160,6486.4,on_time
480,FL-10480,2,Manila,Bacolod,50,2023-11-11 22:45,2023-11-12 00:15,90,50,180,5865.55,delayed
481,FL-10481,5,Manila,Kalibo,60,2023-06-24 22:00,2023-06-24 22:00,0,174,160,5387.82,on_time
482,FL-10482,4,Cebu,Iloilo,40,2023-04-17 19:15,2023-04-17 20:00,45,139,160,7793.52,cancelled
483,FL-10483,3,Cebu,Iloilo,40,2023-05-02 22:30,2023-05-02 23:00,30,115,180,11122.64,delayed
484,FL-10484,5,Cebu,Iloilo,40,2023-11-08 13:45,2023-11-08 14:45,60,150,180,7206.7,on_time
485,FL-10485,9,Davao,Manila,90,2023-08-11 22:15,2023-08-11 22:15,0,99,120,6309.55,on_time
486,FL-10486,9,Manila,Cebu,45,2023-01-28 13:00,2023-01-28 13:00,0,176,120,12890.56,on_time
487,FL-10487,6,Manila,Iloilo,55,2023-01-07 06:45,2023-01-07 07:15,30,171,180,12585.87,delayed
488,FL-10488,4,Manila,Kalibo,60,2023-10-30 08:00,2023-10-30 10:00,120,111,180,6526.33,delayed
489,FL-10489,2,Manila,Puerto Princesa,70,2023-08-01 18:45,2023-08-01 18:45,0,101,150,8136.54,delayed
490,FL-10490,4,Manila,Zamboanga,100,2023-10-28 06:00,2023-10-28 08:00,120,111,120,4029.77,delayed
491,FL-10491,2,Cebu,Manila,45,2023-04-27 05:30,2023-04-27 05:30,0,135,150,14951.23,delayed
492,FL-10492,9,Manila,Cagayan de Oro,85,2023-11-17 10:30,2023-11-17 10:30,0,76,120,2980.91,on_time
493,FL-10493,1,Davao,Manila,90,2023-04-11 13:45,2023-04-11 14:15,30,87,180,10672.09,delayed
494,FL-10494,4,Iloilo,Manila,55,2023-08-16 22:15,2023-08-16 23:00,45,113,120,12031.03,on_time
495,FL-10495,3,Manila,Bacolod,50,2023-02-12 21:15,2023-02-12 21:15,0,114,160,1604.11,on_time
496,FL-10496,8,Cebu,Manila,45,2023-05-13 05:45,2023-05-13 06:30,45,117,120,6969.24,on_time
497,FL-10497,7,Manila,Puerto Princesa,70,2023-06-12 07:30,2023-06-12 08:15,45,106,160,1590.4,delayed
498,FL-10498,9,Manila,Zamboanga,100,2023-03-17 19:30,2023-03-17 20:15,45,54,150,5811.82,delayed
499,FL-10499,9,Cebu,Manila,45,2023-08-06 21:30,2023-08-06 23:00,90,76,180,8142.92,on_time
500,FL-10500,5,Cebu,Cagayan de Oro,35,2023-08-08 20:00,2023-08-08 20:30,30,89,120,6838.08,on_time
501,FL-10501,1,Manila,Puerto Princesa,70,2023-03-11 22:30,2023-03-11 23:00,30,53,180,10448.33,on_time
502,FL-10502,8,Davao,Manila,90,2023-02-04 19:15,2023-02-04 19:15,0,179,150,7793.05,on_time
503,FL-10503,10,Cebu,Cagayan de Oro,35,2023-11-06 10:15,2023-11-06 10:15,0,67,150,5380.64,delayed
504,FL-10504,8,Cebu,Iloilo,40,2023-08-02 20:45,2023-08-02 21:45,60,143,150,14810.04,cancelled
505,FL-10505,9,Davao,Manila,90,2023-05-07 08:00,2023-05-07 08:15,15,113,150,8916.14,delayed
506,FL-10506,7,Cebu,Davao,50,2023-05-03 10:30,2023-05-03 10:30,0,85,160,7809.91,delayed
507,FL-10507,2,Cebu,Iloilo,40,2023-08-08 05:45,2023-08-08 06:45,60,164,160,5737.39,on_time
508,FL-10508,4,Cebu,Manila,45,2023-10-13 21:45,2023-10-13 22:15,30,121,120,12433.95,cancelled
509,FL-10509,9,Cebu,Iloilo,40,2023-03-12 07:00,2023-03-12 07:15,15,54,150,2423.51,on_time
510,FL-10510,9,Cebu,Davao,50,2023-11-14 10:00,2023-11-14 10:45,45,107,180,5997.14,cancelled
511,FL-10511,3,Manila,Zamboanga,100,2023-08-20 13:00,2023-08-20 15:00,120,157,180,14147.09,cancelled
512,FL-10512,10,Manila,Davao,90,2023-10-20 10:30,2023-10-20 12:00,90,66,160,10668.62,on_time
513,FL-10513,8,Cebu,Davao,50,2023-04-28 11:15,2023-04-28 13:15,120,118,160,9348.72,on_time
514,FL-10514,1,Cebu,Iloilo,40,2023-06-30 22:45,2023-06-30 22:45,0,114,150,3099.23,on_time
515,FL-10515,9,Manila,Kalibo,60,2023-08-21 17:15,2023-08-21 19:15,120,145,160,5363.61,on_time
516,FL-10516,4,Manila,Puerto Princesa,70,2023-04-11 18:45,2023-04-11 18:45,0,72,120,3599.65,delayed
517,FL-10517,7,Cebu,Davao,50,2023-05-06 15:30,2023-05-06 16:00,30,112,150,3628.95,cancelled
518,FL-10518,5,Manila,Davao,90,2023-07-01 13:15,2023-07-01 14:00,45,102,120,11024.65,on_time
519,FL-10519,8,Cebu,Manila,45,2023-07-31 10:45,2023-07-31 10:45,0,57,160,9149.32,delayed
520,FL-10520,6,Iloilo,Manila,55,2023-01-04 20:00,2023-01-04 20:45,45,52,180,11284.98,on_time
521,FL-10521,2,Manila,Kalibo,60,2023-03-17 15:15,2023-03-17 17:15,120,89,180,9287.63,cancelled
522,FL-10522,4,Cebu,Iloilo,40,2023-05-20 21:30,2023-05-20 22:00,30,139,160,4777.98,delayed
523,FL-10523,2,Manila,Puerto Princesa,70,2023-06-18 20:00,2023-06-18 22:00,120,62,150,6583.98,on_time
524,FL-10524,7,Manila,Iloilo,55,2023-05-27 08:30,2023-05-27 08:30,0,90,120,13945.96,delayed
525,FL-10525,9,Manila,Davao,90,2023-03-13 20:15,2023-03-13 20:30,15,161,160,6550.88,on_time
526,FL-10526,1,Manila,Puerto Princesa,70,2023-07-19 11:00,2023-07-19 11:45,45,89,120,7649.66,on_time
527,FL-10527,9,Cebu,Manila,45,2023-03-11 13:15,2023-03-11 14:15,60,76,150,14169.62,delayed
528,FL-10528,9,Cebu,Iloilo,40,2023-01-22 05:30,2023-01-22 07:30,120,78,180,7967.83,on_time
529,FL-10529,6,Manila,Cagayan de Oro,85,2023-09-24 14:30,2023-09-24 15:15,45,169,120,6437.28,cancelled
530,FL-10530,7,Manila,Cebu,45,2023-06-05 22:00,2023-06-05 23:30,90,76,180,12240.28,cancelled
531,FL-10531,2,Cebu,Manila,45,2023-12-01 15:45,2023-12-01 15:45,0,175,180,7277.75,delayed
532,FL-10532,1,Manila,Bacolod,50,2023-12-27 12:15,2023-12-27 13:15,60,134,180,6638.1,delayed
533,FL-10533,8,Manila,Cebu,45,2023-03-28 13:15,2023-03-28 13:15,0,179,180,2569.03,cancelled
534,FL-10534,10,Manila,Cebu,45,2023-09-09 14:00,2023-09-09 14:45,45,95,160,4163.62,delayed
535,FL-10535,1,Davao,Manila,90,2023-11-11 17:15,2023-11-11 18:15,60,77,150,13156.48,on_time
536,FL-10536,4,Cebu,Iloilo,40,2023-03-26 19:30,2023-03-26 20:30,60,97,150,5778.3,cancelled
537,FL-10537,4,Manila,Cebu,45,2023-05-09 18:45,2023-05-09 18:45,0,80,180,14510.66,cancelled
538,FL-10538,5,Manila,Puerto Princesa,70,2023-02-05 14:00,2023-02-05 16:00,120,64,120,3977.78,on_time
539,FL-10539,1,Manila,Iloilo,55,2023-12-16 10:00,2023-12-16 10:30,30,78,120,6653.53,on_time
540,FL-10540,4,Manila,Bacolod,50,2023-05-13 07:45,2023-05-13 07:45,0,149,180,1632.48,on_time
541,FL-10541,1,Cebu,Davao,50,2023-03-24 17:15,2023-03-24 18:15,60,118,150,2529.44,on_time
542,FL-10542,2,Manila,Zamboanga,100,2023-10-17 07:45,2023-10-17 09:15,90,169,120,7734.53,delayed
543,FL-10543,6,Manila,Iloilo,55,2023-10-28 19:15,2023-10-28 19:30,15,162,180,13357.07,on_time
544,FL-10544,1,Cebu,Cagayan de Oro,35,2023-06-02 19:15,2023-06-02 19:15,0,162,150,13008.08,on_time
545,FL-10545,5,Manila,Puerto Princesa,70,2023-10-10 07:30,2023-10-10 07:30,0,85,120,10249.21,delayed
546,FL-10546,5,Manila,Cebu,45,2023-09-02 11:00,2023-09-02 11:30,30,165,180,2181.67,on_time
547,FL-10547,10,Manila,Kalibo,60,2023-11-11 22:00,2023-11-11 23:00,60,162,120,5610.21,on_time
548,FL-10548,3,Davao,Manila,90,2023-10-20 20:30,2023-10-20 21:00,30,172,160,4101.74,delayed
549,FL-10549,6,Manila,Zamboanga,100,2023-04-15 21:45,2023-04-15 23:15,90,126,160,6342.96,on_time
550,FL-10550,3,Cebu,Davao,50,2023-03-07 10:00,2023-03-07 10:45,45,175,160,6554.83,on_time
551,FL-10551,2,Manila,Cagayan de Oro,85,2023-07-14 15:30,2023-07-14 17:30,120,52,180,14732.04,delayed
552,FL-10552,4,Davao,Manila,90,2023-08-20 07:30,2023-08-20 08:30,60,64,160,1830.05,on_time
553,FL-10553,10,Manila,Davao,90,2023-02-10 07:00,2023-02-10 08:00,60,93,160,2732.48,on_time
554,FL-10554,2,Davao,Manila,90,2023-04-21 20:15,2023-04-21 22:15,120,86,120,6798.98,delayed
555,FL-10555,10,Manila,Zamboanga,100,2023-01-25 17:00,2023-01-25 17:00,0,68,120,7894.64,delayed
556,FL-10556,4,Manila,Cagayan de Oro,85,2023-11-01 11:45,2023-11-01 11:45,0,139,150,9041.12,on_time
557,FL-10557,10,Manila,Cebu,45,2023-09-03 07:00,2023-09-03 07:45,45,140,120,14084.01,delayed
558,FL-10558,4,Cebu,Iloilo,40,2023-07-17 19:15,2023-07-17 19:15,0,141,120,5765.24,delayed
559,FL-10559,9,Davao,Manila,90,2023-10-27 11:45,2023-10-27 13:45,120,129,180,10986.41,on_time
560,FL-10560,10,Cebu,Iloilo,40,2023-08-18 09:15,2023-08-18 10:00,45,124,120,2782.52,delayed
561,FL-10561,7,Manila,Cagayan de Oro,85,2023-02-07 19:15,2023-02-07 21:15,120,97,180,3906.4,delayed
562,FL-10562,3,Manila,Zamboanga,100,2023-10-21 12:00,2023-10-21 14:00,120,99,150,9575.8,delayed
563,FL-10563,3,Manila,Puerto Princesa,70,2023-06-04 11:30,2023-06-04 13:30,120,179,160,8966.51,on_time
564,FL-10564,4,Cebu,Manila,45,2023-09-06 07:30,2023-09-06 07:30,0,122,180,2665.27,on_time
565,FL-10565,3,Manila,Zamboanga,100,2023-08-20 21:00,2023-08-20 21:45,45,148,180,6374.09,on_time
566,FL-10566,2,Cebu,Cagayan de Oro,35,2023-05-05 20:00,2023-05-05 20:00,0,164,180,5805.44,cancelled
567,FL-10567,4,Cebu,Iloilo,40,2023-09-13 19:30,2023-09-13 20:00,30,79,160,3407.21,on_time
568,FL-10568,3,Cebu,Davao,50,2023-08-03 18:00,2023-08-03 18:15,15,57,160,7950.84,on_time
569,FL-10569,9,Iloilo,Manila,55,2023-03-03 16:45,2023-03-03 16:45,0,171,180,8708.78,delayed
570,FL-10570,4,Manila,Zamboanga,100,2023-04-08 06:30,2023-04-08 06:30,0,143,180,1527.43,on_time
571,FL-10571,10,Manila,Iloilo,55,2023-07-22 20:45,2023-07-22 21:15,30,78,180,14642.51,on_time
572,FL-10572,10,Davao,Manila,90,2023-08-15 10:30,2023-08-15 11:15,45,116,180,12370.53,on_time
573,FL-10573,1,Manila,Cagayan de Oro,85,2023-04-29 17:15,2023-04-29 19:15,120,174,150,11253.03,delayed
574,FL-10574,2,Manila,Kalibo,60,2023-02-04 06:30,2023-02-04 06:30,0,56,180,5466.38,on_time
575,FL-10575,3,Manila,Zamboanga,100,2023-03-31 21:00,2023-03-31 21:15,15,120,160,5555.79,on_time
576,FL-10576,5,Manila,Zamboanga,100,2023-12-14 15:30,2023-12-14 15:30,0,65,120,6717.04,delayed
577,FL-10577,4,Manila,Bacolod,50,2023-03-05 21:00,2023-03-05 21:15,15,142,120,8717.72,on_time
578,FL-10578,9,Manila,Cebu,45,2023-11-05 15:15,2023-11-05 16:15,60,179,120,8353.47,cancelled
579,FL-10579,3,Manila,Bacolod,50,2023-10-07 11:45,2023-10-07 11:45,0,111,160,10407.08,on_time
580,FL-10580,4,Iloilo,Manila,55,2023-02-10 15:00,2023-02-10 15:00,0,65,160,3960.02,on_time
581,FL-10581,3,Iloilo,Manila,55,2023-10-27 07:00,2023-10-27 07:00,0,82,160,4042.18,delayed
582,FL-10582,10,Manila,Bacolod,50,2023-03-21 09:15,2023-03-21 10:15,60,104,120,14901.42,on_time
583,FL-10583,6,Manila,Cebu,45,2023-11-27 05:45,2023-11-27 07:45,120,82,120,5125.0,delayed
584,FL-10584,1,Cebu,Iloilo,40,2023-02-26 08:45,2023-02-26 08:45,0,69,120,2251.19,delayed
585,FL-10585,9,Davao,Manila,90,2023-08-17 17:30,2023-08-17 18:00,30,178,150,4736.17,on_time
586,FL-10586,4,Manila,Cebu,45,2023-01-15 11:30,2023-01-15 12:15,45,173,180,9817.53,on_time
587,FL-10587,4,Cebu,Iloilo,40,2023-10-25 13:45,2023-10-25 14:45,60,114,120,11235.14,on_time
588,FL-10588,2,Manila,Zamboanga,100,2023-05-29 05:30,2023-05-29 05:30,0,100,160,9281.32,on_time
589,FL-10589,4,Manila,Cagayan de Oro,85,2023-05-15 10:15,2023-05-15 10:15,0,84,120,4035.2,on_time
590,FL-10590,9,Iloilo,Manila,55,2023-07-14 10:00,2023-07-14 10:00,0,64,120,14132.94,on_time
591,FL-10591,6,Cebu,Manila,45,2023-01-04 15:30,2023-01-04 17:30,120,82,120,13295.86,on_time
592,FL-10592,6,Cebu,Manila,45,2023-01-31 10:30,2023-01-31 10:30,0,126,180,5765.72,on_time
593,FL-10593,3,Manila,Davao,90,2023-06-12 16:00,2023-06-12 18:00,120,108,120,6955.74,on_time
594,FL-10594,5,Cebu,Iloilo,40,2023-04-02 21:15,2023-04-02 21:15,0,53,120,2014.38,on_time
595,FL-10595,5,Manila,Kalibo,60,2023-12-05 05:30,2023-12-05 06:00,30,177,180,2696.0,cancelled
596,FL-10596,1,Manila,Bacolod,50,2023-07-21 12:15,2023-07-21 12:45,30,132,120,12123.08,cancelled
597,FL-10597,7,Manila,Cebu,45,2023-09-03 09:00,2023-09-03 09:15,15,125,120,6990.58,delayed
598,FL-10598,3,Iloilo,Manila,55,2023-09-15 17:30,2023-09-15 18:15,45,162,160,10828.65,delayed
599,FL-10599,5,Manila,Davao,90,2023-10-06 10:30,2023-10-06 12:30,120,100,150,8023.6,cancelled
600,FL-10600,8,Cebu,Davao,50,2023-08-17 17:30,2023-08-17 18:00,30,143,150,14262.7,on_time
601,FL-10601,3,Iloilo,Manila,55,2023-12-28 14:15,2023-12-28 14:15,0,55,120,13562.98,on_time
602,FL-10602,6,Manila,Puerto Princesa,70,2023-10-21 19:00,2023-10-21 19:00,0,161,180,7749.29,on_time
603,FL-10603,2,Manila,Kalibo,60,2023-09-12 11:15,2023-09-12 12:00,45,63,160,10185.01,cancelled
604,FL-10604,10,Cebu,Cagayan de Oro,35,2023-10-21 11:30,2023-10-21 12:15,45,73,180,2325.85,on_time
605,FL-10605,6,Manila,Iloilo,55,2023-02-18 12:00,2023-02-18 12:00,0,102,160,6305.06,on_time
606,FL-10606,3,Manila,Kalibo,60,2023-08-09 10:45,2023-08-09 10:45,0,70,160,9762.68,delayed
607,FL-10607,9,Manila,Iloilo,55,2023-05-07 18:30,2023-05-07 20:30,120,64,150,7665.59,on_time
608,FL-10608,6,Cebu,Cagayan de Oro,35,2023-02-13 18:30,2023-02-13 20:00,90,74,160,9000.38,cancelled
609,FL-10609,4,Cebu,Davao,50,2023-07-01 21:00,2023-07-01 21:00,0,131,150,9069.09,delayed
610,FL-10610,8,Manila,Puerto Princesa,70,2023-11-28 06:45,2023-11-28 08:15,90,119,150,8965.71,on_time
611,FL-10611,2,Manila,Davao,90,2023-02-08 19:30,2023-02-08 21:30,120,118,180,2643.62,delayed
612,FL-10612,6,Iloilo,Manila,55,2023-11-19 15:00,2023-11-19 15:30,30,66,150,9598.53,cancelled
613,FL-10613,5,Cebu,Davao,50,2023-12-02 05:00,2023-12-02 05:00,0,75,150,6492.6,delayed
614,FL-10614,3,Manila,Kalibo,60,2023-07-01 09:30,2023-07-01 09:30,0,143,120,1892.24,on_time
615,FL-10615,9,Manila,Cebu,45,2023-07-12 13:00,2023-07-12 14:00,60,145,180,4902.68,on_time
616,FL-10616,6,Manila,Cagayan de Oro,85,2023-02-14 20:00,2023-02-14 21:30,90,177,150,11511.7,on_time
617,FL-10617,9,Cebu,Cagayan de Oro,35,2023-01-21 05:00,2023-01-21 05:00,0,166,120,2078.49,cancelled
618,FL-10618,2,Cebu,Iloilo,40,2023-04-22 22:00,2023-04-22 22:00,0,81,120,14324.62,cancelled
619,FL-10619,3,Cebu,Cagayan de Oro,35,2023-10-10 11:00,2023-10-10 11:00,0,53,150,7596.52,delayed
620,FL-10620,9,Cebu,Cagayan de Oro,35,2023-06-12 07:30,2023-06-12 07:30,0,58,180,11675.27,delayed
621,FL-10621,1,Iloilo,Manila,55,2023-01-14 12:45,2023-01-14 13:00,15,173,180,14110.84,on_time
622,FL-10622,1,Cebu,Cagayan de Oro,35,2023-08-15 07:45,2023-08-15 07:45,0,75,120,3015.65,cancelled
623,FL-10623,4,Manila,Zamboanga,100,2023-04-22 09:00,2023-04-22 09:00,0,123,180,8931.68,cancelled
624,FL-10624,7,Manila,Puerto Princesa,70,2023-02-09 22:45,2023-02-10 00:15,90,67,160,3622.96,on_time
625,FL-10625,4,Manila,Puerto Princesa,70,2023-04-08 10:30,2023-04-08 10:30,0,89,160,9910.96,on_time
626,FL-10626,4,Cebu,Iloilo,40,2023-09-11 05:00,2023-09-11 05:45,45,159,120,7491.62,delayed
627,FL-10627,4,Cebu,Cagayan de Oro,35,2023-02-24 15:00,2023-02-24 15:00,0,54,160,11267.18,on_time
628,FL-10628,7,Cebu,Davao,50,2023-10-30 18:00,2023-10-30 19:30,90,172,180,12446.56,on_time
629,FL-10629,8,Manila,Cebu,45,2023-03-25 07:15,2023-03-25 07:15,0,91,120,6153.94,delayed
630,FL-10630,2,Cebu,Manila,45,2023-07-17 08:15,2023-07-17 08:15,0,141,180,11845.08,cancelled
631,FL-10631,2,Manila,Kalibo,60,2023-02-18 20:45,2023-02-18 21:45,60,116,180,10823.93,delayed
632,FL-10632,8,Davao,Manila,90,2023-01-31 17:15,2023-01-31 18:15,60,85,120,5166.06,delayed
633,FL-10633,8,Iloilo,Manila,55,2023-08-21 16:15,2023-08-21 17:00,45,178,150,13110.08,on_time
634,FL-10634,9,Cebu,Manila,45,2023-12-15 11:30,2023-12-15 11:30,0,115,180,5024.48,on_time
635,FL-10635,4,Cebu,Cagayan de Oro,35,2023-03-26 21:30,2023-03-26 21:30,0,166,160,7665.21,delayed
636,FL-10636,1,Cebu,Manila,45,2023-08-19 20:45,2023-08-19 21:15,30,73,150,6062.08,cancelled
637,FL-10637,9,Manila,Kalibo,60,2023-07-29 20:45,2023-07-29 22:15,90,114,120,2156.02,delayed
638,FL-10638,5,Davao,Manila,90,2023-10-26 09:45,2023-10-26 11:15,90,139,150,3027.41,cancelled
639,FL-10639,4,Cebu,Iloilo,40,2023-12-28 17:45,2023-12-28 19:45,120,51,160,1505.35,delayed
640,FL-10640,9,Davao,Manila,90,2023-10-22 05:30,2023-10-22 06:30,60,176,160,8911.97,on_time
641,FL-10641,10,Manila,Kalibo,60,2023-08-26 19:00,2023-08-26 19:30,30,118,150,6134.18,delayed
642,FL-10642,1,Davao,Manila,90,2023-11-10 17:30,2023-11-10 17:30,0,69,180,5929.54,on_time
643,FL-10643,4,Davao,Manila,90,2023-10-06 15:45,2023-10-06 16:15,30,95,180,6362.01,cancelled
644,FL-10644,7,Manila,Zamboanga,100,2023-07-31 21:45,2023-07-31 22:00,15,115,180,7484.03,on_time
645,FL-10645,2,Manila,Puerto Princesa,70,2023-02-18 22:30,2023-02-18 23:15,45,75,150,8943.55,on_time
646,FL-10646,5,Manila,Iloilo,55,2023-08-21 16:00,2023-08-21 17:30,90,94,180,6865.44,cancelled
647,FL-10647,4,Manila,Davao,90,2023-01-05 06:00,2023-01-05 07:30,90,107,150,10635.19,delayed
648,FL-10648,5,Cebu,Davao,50,2023-04-02 07:30,2023-04-02 09:00,90,180,150,9825.57,cancelled
649,FL-10649,10,Cebu,Manila,45,2023-09-15 20:30,2023-09-15 20:45,15,78,180,2602.44,delayed
650,FL-10650,2,Manila,Cebu,45,2023-05-01 14:45,2023-05-01 15:45,60,178,150,3574.86,on_time
651,FL-10651,9,Cebu,Cagayan de Oro,35,2023-07-05 10:30,2023-07-05 11:30,60,83,180,5144.94,on_time
652,FL-10652,5,Manila,Cagayan de Oro,85,2023-02-24 07:00,2023-02-24 08:30,90,112,160,4621.96,delayed
653,FL-10653,1,Manila,Kalibo,60,2023-05-01 20:45,2023-05-01 21:15,30,106,120,6269.13,on_time
654,FL-10654,9,Cebu,Davao,50,2023-07-15 11:30,2023-07-15 11:30,0,171,180,2173.3,on_time
655,FL-10655,2,Davao,Manila,90,2023-10-23 09:00,2023-10-23 10:00,60,77,150,10227.49,on_time
656,FL-10656,5,Cebu,Manila,45,2023-08-02 18:15,2023-08-02 18:15,0,127,120,9725.16,on_time
657,FL-10657,7,Manila,Davao,90,2023-04-16 09:45,2023-04-16 09:45,0,167,120,10495.44,on_time
658,FL-10658,8,Iloilo,Manila,55,2023-09-11 14:45,2023-09-11 14:45,0,149,150,12808.04,delayed
659,FL-10659,5,Cebu,Cagayan de Oro,35,2023-03-19 18:15,2023-03-19 19:45,90,78,160,13642.86,on_time
660,FL-10660,4,Manila,Cagayan de Oro,85,2023-10-05 06:30,2023-10-05 07:30,60,127,180,7221.94,on_time
661,FL-10661,4,Cebu,Manila,45,2023-12-03 13:30,2023-12-03 13:30,0,168,150,11273.8,delayed
662,FL-10662,9,Manila,Zamboanga,100,2023-03-02 22:30,2023-03-02 23:00,30,125,180,8497.61,on_time
663,FL-10663,10,Manila,Kalibo,60,2023-01-20 20:45,2023-01-20 22:45,120,84,180,7831.72,on_time
664,FL-10664,6,Manila,Zamboanga,100,2023-01-09 08:00,2023-01-09 08:00,0,144,120,6276.63,on_time
665,FL-10665,2,Manila,Iloilo,55,2023-04-28 22:30,2023-04-28 22:45,15,175,150,7897.2,on_time
666,FL-10666,1,Manila,Bacolod,50,2023-11-22 15:30,2023-11-22 15:45,15,115,150,3315.08,cancelled
667,FL-10667,2,Manila,Cebu,45,2023-03-12 05:15,2023-03-12 06:45,90,122,180,4910.84,delayed
668,FL-10668,8,Iloilo,Manila,55,2023-06-23 21:30,2023-06-23 21:30,0,126,120,3613.93,delayed
669,FL-10669,10,Manila,Cebu,45,2023-08-11 14:00,2023-08-11 14:30,30,173,150,5006.19,delayed
670,FL-10670,9,Manila,Bacolod,50,2023-06-22 18:00,2023-06-22 20:00,120,143,180,7675.86,on_time
671,FL-10671,5,Cebu,Iloilo,40,2023-02-09 13:30,2023-02-09 13:30,0,148,120,9501.75,on_time
672,FL-10672,5,Cebu,Davao,50,2023-11-26 22:30,2023-11-26 22:45,15,58,160,7988.83,delayed
673,FL-10673,4,Manila,Cebu,45,2023-01-29 10:15,2023-01-29 10:30,15,142,120,5210.46,delayed
674,FL-10674,4,Cebu,Davao,50,2023-02-06 13:00,2023-02-06 15:00,120,107,120,7981.59,delayed
675,FL-10675,2,Cebu,Manila,45,2023-07-27 22:45,2023-07-28 00:15,90,68,160,1777.65,cancelled
676,FL-10676,3,Manila,Cebu,45,2023-12-03 08:30,2023-12-03 08:30,0,77,180,13352.48,on_time
677,FL-10677,4,Iloilo,Manila,55,2023-12-01 18:00,2023-12-01 19:30,90,104,150,12376.29,on_time
678,FL-10678,8,Davao,Manila,90,2023-01-07 17:00,2023-01-07 19:00,120,65,120,1531.3,delayed
679,FL-10679,4,Manila,Zamboanga,100,2023-11-30 08:15,2023-11-30 09:45,90,79,150,10719.23,on_time
680,FL-10680,7,Cebu,Cagayan de Oro,35,2023-06-22 18:15,2023-06-22 20:15,120,139,150,6430.36,delayed
681,FL-10681,8,Manila,Iloilo,55,2023-10-07 06:45,2023-10-07 08:45,120,81,150,13820.69,on_time
682,FL-10682,10,Davao,Manila,90,2023-10-31 06:30,2023-10-31 06:30,0,83,160,10449.3,delayed
683,FL-10683,8,Davao,Manila,90,2023-08-25 11:15,2023-08-25 11:15,0,84,180,11582.0,cancelled
684,FL-10684,7,Cebu,Cagayan de Oro,35,2023-10-11 22:30,2023-10-12 00:00,90,160,160,7220.13,on_time
685,FL-10685,1,Manila,Davao,90,2023-11-05 11:45,2023-11-05 11:45,0,158,180,2247.76,cancelled
686,FL-10686,8,Manila,Cebu,45,2023-02-18 06:30,2023-02-18 07:00,30,112,150,9743.36,on_time
687,FL-10687,1,Manila,Puerto Princesa,70,2023-12-13 09:00,2023-12-13 09:15,15,167,180,6126.04,delayed
688,FL-10688,5,Cebu,Cagayan de Oro,35,2023-07-30 13:15,2023-07-30 14:00,45,117,180,5307.74,delayed
689,FL-10689,6,Davao,Manila,90,2023-08-01 12:45,2023-08-01 12:45,0,176,120,14446.16,delayed
690,FL-10690,5,Manila,Puerto Princesa,70,2023-08-31 18:00,2023-08-31 18:00,0,159,180,10902.0,delayed
691,FL-10691,4,Manila,Puerto Princesa,70,2023-09-14 06:30,2023-09-14 07:30,60,133,120,1646.72,delayed
692,FL-10692,10,Cebu,Cagayan de Oro,35,2023-03-26 19:00,2023-03-26 19:00,0,132,160,12753.05,delayed
693,FL-10693,10,Manila,Puerto Princesa,70,2023-10-21 14:15,2023-10-21 15:00,45,57,120,10777.28,delayed
694,FL-10694,3,Manila,Iloilo,55,2023-03-16 09:00,2023-03-16 10:30,90,153,150,8274.11,on_time
695,FL-10695,9,Cebu,Iloilo,40,2023-12-21 19:15,2023-12-21 21:15,120,118,120,1818.67,delayed
696,FL-10696,5,Manila,Bacolod,50,2023-07-12 11:00,2023-07-12 11:00,0,143,180,13235.31,delayed
697,FL-10697,6,Cebu,Cagayan de Oro,35,2023-07-08 05:15,2023-07-08 05:15,0,149,150,13258.63,on_time
698,FL-10698,1,Iloilo,Manila,55,2023-12-03 13:00,2023-12-03 13:15,15,96,180,10512.34,delayed
699,FL-10699,1,Manila,Cebu,45,2023-05-25 14:00,2023-05-25 14:15,15,65,150,4770.27,on_time
700,FL-10700,6,Iloilo,Manila,55,2023-04-16 21:00,2023-04-16 21:00,0,84,160,10917.8,delayed
701,FL-10701,3,Manila,Davao,90,2023-08-08 13:30,2023-08-08 13:30,0,90,160,11274.58,delayed
702,FL-10702,6,Manila,Puerto Princesa,70,2023-09-26 22:00,2023-09-26 23:00,60,149,180,12835.14,delayed
703,FL-10703,9,Cebu,Davao,50,2023-10-14 21:30,2023-10-14 21:30,0,98,180,13485.11,cancelled
704,FL-10704,2,Iloilo,Manila,55,2023-02-12 15:30,2023-02-12 15:45,15,134,180,2668.35,delayed
705,FL-10705,6,Manila,Zamboanga,100,2023-11-02 18:30,2023-11-02 18:30,0,88,150,2055.65,cancelled
706,FL-10706,6,Davao,Manila,90,2023-04-30 18:45,2023-04-30 19:15,30,136,180,2206.72,cancelled
707,FL-10707,4,Manila,Cagayan de Oro,85,2023-11-18 22:15,2023-11-18 23:45,90,62,120,6458.81,on_time
708,FL-10708,8,Cebu,Cagayan de Oro,35,2023-01-11 10:00,2023-01-11 10:00,0,62,180,8503.02,on_time
709,FL-10709,5,Cebu,Manila,45,2023-03-08 12:30,2023-03-08 12:30,0,115,150,2312.14,on_time
710,FL-10710,2,Manila,Davao,90,2023-03-14 09:00,2023-03-14 09:00,0,127,160,11092.7,on_time
711,FL-10711,8,Manila,Bacolod,50,2023-07-04 13:45,2023-07-04 13:45,0,89,150,9868.75,delayed
712,FL-10712,8,Manila,Cebu,45,2023-10-18 17:30,2023-10-18 19:00,90,115,180,13267.43,on_time
713,FL-10713,10,Manila,Puerto Princesa,70,2023-07-23 22:15,2023-07-23 22:15,0,92,150,6181.24,on_time
714,FL-10714,9,Cebu,Manila,45,2023-01-11 14:15,2023-01-11 14:15,0,119,150,2498.97,on_time
715,FL-10715,6,Iloilo,Manila,55,2023-07-15 15:30,2023-07-15 16:30,60,103,150,10560.48,on_time
716,FL-10716,4,Manila,Iloilo,55,2023-12-24 20:15,2023-12-24 21:00,45,79,180,9363.07,on_time
717,FL-10717,4,Cebu,Davao,50,2023-12-03 19:45,2023-12-03 21:15,90,58,160,7226.29,delayed
718,FL-10718,3,Iloilo,Manila,55,2023-01-13 10:00,2023-01-13 10:00,0,126,160,9492.96,on_time
719,FL-10719,9,Cebu,Manila,45,2023-11-06 09:15,2023-11-06 10:00,45,121,160,10487.51,on_time
720,FL-10720,2,Manila,Bacolod,50,2023-07-09 07:45,2023-07-09 08:30,45,100,120,6187.42,on_time
721,FL-10721,4,Manila,Kalibo,60,2023-01-16 10:00,2023-01-16 11:30,90,60,150,9108.92,delayed
722,FL-10722,2,Manila,Iloilo,55,2023-02-05 05:45,2023-02-05 05:45,0,65,120,6689.42,delayed
723,FL-10723,5,Manila,Bacolod,50,2023-05-19 11:00,2023-05-19 11:00,0,53,160,5501.73,on_time
724,FL-10724,8,Cebu,Cagayan de Oro,35,2023-04-10 06:45,2023-04-10 06:45,0,103,160,10708.97,on_time
725,FL-10725,2,Manila,Puerto Princesa,70,2023-10-14 08:45,2023-10-14 08:45,0,165,150,6426.11,cancelled
726,FL-10726,8,Manila,Puerto Princesa,70,2023-03-09 19:15,2023-03-09 19:45,30,116,180,14949.33,on_time
727,FL-10727,5,Manila,Kalibo,60,2023-09-11 19:00,2023-09-11 19:45,45,113,150,2119.39,on_time
728,FL-10728,9,Manila,Bacolod,50,2023-01-02 13:15,2023-01-02 13:45,30,157,180,3707.89,on_time
729,FL-10729,8,Manila,Kalibo,60,2023-08-11 09:00,2023-08-11 09:45,45,94,120,7860.18,delayed
730,FL-10730,3,Manila,Bacolod,50,2023-02-09 21:00,2023-02-09 21:00,0,119,160,12928.48,cancelled
731,FL-10731,3,Manila,Cagayan de Oro,85,2023-05-21 12:00,2023-05-21 13:30,90,112,160,14221.37,cancelled
732,FL-10732,9,Manila,Cebu,45,2023-03-07 08:45,2023-03-07 09:30,45,160,120,9508.39,on_time
733,FL-10733,5,Manila,Davao,90,2023-04-16 07:30,2023-04-16 09:00,90,92,180,4867.37,on_time
734,FL-10734,10,Davao,Manila,90,2023-02-05 18:30,2023-02-05 18:30,0,132,120,7413.47,on_time
735,FL-10735,6,Manila,Zamboanga,100,2023-03-15 14:45,2023-03-15 14:45,0,162,160,7440.38,delayed
736,FL-10736,7,Cebu,Davao,50,2023-04-28 06:15,2023-04-28 07:45,90,126,160,5103.85,on_time
737,FL-10737,9,Manila,Puerto Princesa,70,2023-05-07 07:00,2023-05-07 07:00,0,97,160,8596.72,on_time
738,FL-10738,3,Cebu,Iloilo,40,2023-05-01 11:15,2023-05-01 12:00,45,118,180,11046.51,on_time
739,FL-10739,1,Manila,Zamboanga,100,2023-08-12 11:00,2023-08-12 11:00,0,123,120,12376.33,cancelled
740,FL-10740,10,Cebu,Davao,50,2023-07-11 22:00,2023-07-12 00:00,120,88,160,12622.58,delayed
741,FL-10741,3,Manila,Kalibo,60,2023-11-27 05:15,2023-11-27 05:45,30,53,180,14999.42,on_time
742,FL-10742,1,Manila,Puerto Princesa,70,2023-11-01 15:15,2023-11-01 16:15,60,111,150,14789.59,on_time
743,FL-10743,6,Manila,Davao,90,2023-05-12 16:00,2023-05-12 16:15,15,100,150,3713.82,delayed
744,FL-10744,9,Manila,Cebu,45,2023-02-14 15:00,2023-02-14 15:30,30,106,180,12336.17,cancelled
745,FL-10745,2,Cebu,Iloilo,40,2023-03-04 05:15,2023-03-04 05:45,30,88,160,13231.04,on_time
746,FL-10746,4,Davao,Manila,90,2023-08-25 07:30,2023-08-25 08:00,30,102,150,8138.69,delayed
747,FL-10747,8,Manila,Zamboanga,100,2023-10-30 10:15,2023-10-30 11:00,45,62,150,9843.04,on_time
748,FL-10748,8,Manila,Davao,90,2023-05-18 12:45,2023-05-18 13:15,30,109,160,2043.2,on_time
749,FL-10749,6,Cebu,Davao,50,2023-07-28 12:15,2023-07-28 12:45,30,51,180,4926.1,on_time
750,FL-10750,8,Manila,Kalibo,60,2023-07-19 22:45,2023-07-19 22:45,0,69,150,5956.7,on_time
751,FL-10751,1,Manila,Cebu,45,2023-03-24 16:30,2023-03-24 17:15,45,75,150,4341.45,on_time
752,FL-10752,1,Cebu,Manila,45,2023-09-10 05:00,2023-09-10 06:30,90,166,180,8957.17,on_time
753,FL-10753,5,Manila,Iloilo,55,2023-03-09 19:45,2023-03-09 19:45,0,111,150,7977.89,on_time
754,FL-10754,5,Davao,Manila,90,2023-05-18 21:00,2023-05-18 21:00,0,67,120,7419.75,delayed
755,FL-10755,3,Manila,Davao,90,2023-08-10 05:45,2023-08-10 06:00,15,61,160,5392.47,delayed
756,FL-10756,8,Cebu,Davao,50,2023-03-02 22:30,2023-03-02 22:30,0,125,150,5203.94,delayed
757,FL-10757,7,Manila,Cagayan de Oro,85,2023-02-25 20:15,2023-02-25 20:15,0,64,180,14510.97,delayed
758,FL-10758,4,Cebu,Davao,50,2023-11-09 20:45,2023-11-09 21:00,15,122,180,12353.89,on_time
759,FL-10759,5,Cebu,Cagayan de Oro,35,2023-08-19 06:15,2023-08-19 08:15,120,172,150,11342.59,delayed
760,FL-10760,5,Manila,Cagayan de Oro,85,2023-03-09 16:00,2023-03-09 17:30,90,128,120,11633.0,on_time
761,FL-10761,2,Manila,Davao,90,2023-09-02 16:00,2023-09-02 18:00,120,163,160,5481.28,delayed
762,FL-10762,3,Manila,Davao,90,2023-07-14 10:00,2023-07-14 10:00,0,73,150,6184.34,on_time
763,FL-10763,9,Manila,Puerto Princesa,70,2023-02-13 19:00,2023-02-13 20:00,60,82,160,3645.41,delayed
764,FL-10764,7,Manila,Iloilo,55,2023-02-11 16:45,2023-02-11 17:15,30,110,120,10480.24,delayed
765,FL-10765,9,Manila,Kalibo,60,2023-09-01 05:30,2023-09-01 06:30,60,148,160,12501.27,on_time
766,FL-10766,9,Davao,Manila,90,2023-11-14 06:15,2023-11-14 06:15,0,98,160,4435.59,delayed
767,FL-10767,6,Manila,Zamboanga,100,2023-06-06 14:00,2023-06-06 14:30,30,57,160,14971.83,delayed
768,FL-10768,5,Cebu,Cagayan de Oro,35,2023-08-03 14:00,2023-08-03 14:45,45,64,120,1656.26,cancelled
769,FL-10769,2,Iloilo,Manila,55,2023-02-09 16:00,2023-02-09 16:00,0,155,160,13171.44,delayed
770,FL-10770,9,Manila,Iloilo,55,2023-08-18 12:15,2023-08-18 12:45,30,110,160,5606.05,delayed
771,FL-10771,7,Iloilo,Manila,55,2023-05-20 12:15,2023-05-20 12:30,15,110,160,5532.12,delayed
772,FL-10772,1,Manila,Bacolod,50,2023-02-17 09:00,2023-02-17 09:00,0,50,150,8585.28,on_time
773,FL-10773,1,Cebu,Iloilo,40,2023-10-16 09:30,2023-10-16 09:30,0,91,120,10848.07,on_time
774,FL-10774,3,Davao,Manila,90,2023-06-17 09:00,2023-06-17 09:00,0,140,160,12118.73,delayed
775,FL-10775,9,Manila,Iloilo,55,2023-08-04 08:00,2023-08-04 09:00,60,133,150,6230.21,delayed
776,FL-10776,4,Manila,Puerto Princesa,70,2023-05-23 15:45,2023-05-23 16:00,15,144,180,11848.53,delayed
777,FL-10777,1,Iloilo,Manila,55,2023-12-10 22:15,2023-12-10 23:00,45,128,120,1814.16,on_time
778,FL-10778,6,Manila,Cagayan de Oro,85,2023-06-18 09:45,2023-06-18 10:30,45,66,160,9116.92,on_time
779,FL-10779,7,Manila,Cagayan de Oro,85,2023-07-18 05:30,2023-07-18 06:15,45,156,160,4282.72,delayed
780,FL-10780,2,Cebu,Manila,45,2023-02-14 20:30,2023-02-14 22:00,90,60,180,7301.57,delayed
781,FL-10781,1,Manila,Bacolod,50,2023-08-20 10:00,2023-08-20 10:15,15,122,150,1526.1,cancelled
782,FL-10782,6,Cebu,Manila,45,2023-12-18 17:15,2023-12-18 18:45,90,89,120,7852.59,cancelled
783,FL-10783,2,Manila,Zamboanga,100,2023-08-18 22:00,2023-08-18 22:45,45,135,180,11278.16,on_time
784,FL-10784,1,Iloilo,Manila,55,2023-06-22 11:45,2023-06-22 13:15,90,100,180,5697.11,on_time
785,FL-10785,1,Manila,Puerto Princesa,70,2023-09-21 12:00,2023-09-21 12:00,0,80,120,3797.31,on_time
786,FL-10786,8,Manila,Davao,90,2023-08-06 12:45,2023-08-06 12:45,0,149,160,12374.52,delayed
787,FL-10787,7,Manila,Zamboanga,100,2023-03-08 21:00,2023-03-08 21:00,0,127,160,14392.26,on_time
788,FL-10788,4,Manila,Zamboanga,100,2023-05-09 12:45,2023-05-09 14:45,120,53,180,10404.92,on_time
789,FL-10789,3,Manila,Puerto Princesa,70,2023-01-02 08:45,2023-01-02 08:45,0,65,180,6629.04,cancelled
790,FL-10790,7,Cebu,Cagayan de Oro,35,2023-06-27 07:45,2023-06-27 08:15,30,173,150,2972.09,cancelled
791,FL-10791,10,Manila,Iloilo,55,2023-11-22 19:00,2023-11-22 19:00,0,89,120,4707.02,delayed
792,FL-10792,4,Manila,Kalibo,60,2023-03-29 15:30,2023-03-29 15:30,0,94,180,9241.46,cancelled
793,FL-10793,8,Davao,Manila,90,2023-09-24 12:45,2023-09-24 13:00,15,121,120,3173.51,on_time
794,FL-10794,1,Manila,Bacolod,50,2023-01-21 11:15,2023-01-21 12:00,45,56,160,2507.39,on_time
795,FL-10795,2,Manila,Cagayan de Oro,85,2023-12-23 05:15,2023-12-23 06:45,90,58,160,9143.46,on_time
796,FL-10796,4,Manila,Cagayan de Oro,85,2023-04-10 14:00,2023-04-10 14:15,15,65,120,8123.37,delayed
797,FL-10797,5,Manila,Kalibo,60,2023-03-18 10:15,2023-03-18 11:15,60,94,120,13698.77,on_time
798,FL-10798,10,Manila,Zamboanga,100,2023-07-13 13:45,2023-07-13 15:15,90,119,150,10872.68,delayed
799,FL-10799,9,Manila,Davao,90,2023-09-28 06:00,2023-09-28 06:00,0,178,180,7130.79,delayed
800,FL-10800,8,Iloilo,Manila,55,2023-08-09 09:45,2023-08-09 09:45,0,58,120,4386.85,on_time
801,FL-10801,5,Cebu,Iloilo,40,2023-01-11 05:15,2023-01-11 05:15,0,119,160,5662.8,on_time
802,FL-10802,9,Manila,Kalibo,60,2023-12-12 22:00,2023-12-12 22:15,15,139,150,10942.4,delayed
803,FL-10803,2,Cebu,Davao,50,2023-03-22 13:00,2023-03-22 13:00,0,101,150,12481.78,on_time
804,FL-10804,3,Manila,Davao,90,2023-03-30 16:45,2023-03-30 16:45,0,152,160,7071.63,cancelled
805,FL-10805,2,Manila,Bacolod,50,2023-06-27 18:15,2023-06-27 19:00,45,97,150,9754.48,cancelled
806,FL-10806,10,Manila,Cagayan de Oro,85,2023-11-06 21:30,2023-11-06 22:15,45,156,120,9747.82,cancelled
807,FL-10807,9,Cebu,Iloilo,40,2023-03-24 13:45,2023-03-24 15:45,120,73,120,2203.08,on_time
808,FL-10808,10,Davao,Manila,90,2023-09-09 15:30,2023-09-09 17:30,120,114,120,10584.7,cancelled
809,FL-10809,4,Iloilo,Manila,55,2023-11-17 08:45,2023-11-17 09:00,15,169,150,1606.59,on_time
810,FL-10810,10,Manila,Iloilo,55,2023-03-10 22:00,2023-03-10 22:00,0,158,120,2323.24,on_time
811,FL-10811,8,Cebu,Cagayan de Oro,35,2023-12-23 14:45,2023-12-23 16:45,120,163,180,14744.03,on_time
812,FL-10812,1,Manila,Kalibo,60,2023-04-12 08:00,2023-04-12 09:30,90,177,150,4156.93,on_time
813,FL-10813,3,Manila,Bacolod,50,2023-08-27 15:30,2023-08-27 16:15,45,94,180,11558.74,on_time
814,FL-10814,9,Manila,Puerto Princesa,70,2023-07-06 20:45,2023-07-06 22:45,120,158,180,13891.95,on_time
815,FL-10815,2,Manila,Cebu,45,2023-07-17 20:30,2023-07-17 20:30,0,147,160,3889.63,delayed
816,FL-10816,7,Cebu,Manila,45,2023-03-20 13:45,2023-03-20 15:15,90,152,160,4727.3,cancelled
817,FL-10817,2,Manila,Puerto Princesa,70,2023-11-14 16:45,2023-11-14 17:00,15,180,120,5359.85,delayed
818,FL-10818,8,Manila,Cebu,45,2023-09-03 21:15,2023-09-03 22:00,45,61,150,7799.58,on_time
819,FL-10819,1,Davao,Manila,90,2023-01-21 11:45,2023-01-21 12:15,30,129,120,6615.05,on_time
820,FL-10820,6,Manila,Cagayan de Oro,85,2023-05-23 09:15,2023-05-23 09:15,0,140,180,1577.8,on_time
821,FL-10821,5,Cebu,Cagayan de Oro,35,2023-08-21 08:30,2023-08-21 08:30,0,154,160,2602.59,on_time
822,FL-10822,4,Manila,Zamboanga,100,2023-07-08 07:45,2023-07-08 07:45,0,80,120,12735.41,on_time
823,FL-10823,8,Manila,Davao,90,2023-10-25 17:00,2023-10-25 17:45,45,72,150,8819.5,on_time
824,FL-10824,8,Manila,Iloilo,55,2023-05-27 13:15,2023-05-27 14:45,90,115,180,1711.28,on_time
825,FL-10825,7,Manila,Davao,90,2023-08-18 08:15,2023-08-18 08:30,15,175,150,4524.91,on_time
826,FL-10826,10,Cebu,Cagayan de Oro,35,2023-05-19 19:00,2023-05-19 21:00,120,115,160,10140.08,on_time
827,FL-10827,9,Cebu,Davao,50,2023-10-24 22:30,2023-10-24 22:45,15,131,150,3436.23,delayed
828,FL-10828,4,Manila,Bacolod,50,2023-01-16 06:15,2023-01-16 07:45,90,171,160,10774.08,cancelled
829,FL-10829,10,Manila,Puerto Princesa,70,2023-11-05 22:15,2023-11-06 00:15,120,64,160,13600.65,cancelled
830,FL-10830,4,Davao,Manila,90,2023-08-27 12:00,2023-08-27 14:00,120,59,150,8909.77,cancelled
831,FL-10831,5,Manila,Kalibo,60,2023-12-16 14:15,2023-12-16 14:30,15,169,160,12672.94,on_time
832,FL-10832,6,Manila,Iloilo,55,2023-08-08 19:30,2023-08-08 19:45,15,108,120,4354.77,on_time
833,FL-10833,5,Manila,Davao,90,2023-11-15 10:00,2023-11-15 12:00,120,65,120,4342.8,delayed
834,FL-10834,2,Cebu,Iloilo,40,2023-12-08 06:15,2023-12-08 08:15,120,119,120,4510.46,delayed
835,FL-10835,1,Cebu,Cagayan de Oro,35,2023-04-09 18:45,2023-04-09 18:45,0,133,150,8470.29,on_time
836,FL-10836,8,Manila,Zamboanga,100,2023-09-11 07:00,2023-09-11 07:00,0,85,180,7826.99,cancelled
837,FL-10837,10,Manila,Bacolod,50,2023-10-04 13:15,2023-10-04 15:15,120,104,150,8428.21,delayed
838,FL-10838,9,Manila,Cagayan de Oro,85,2023-11-21 17:30,2023-11-21 18:00,30,122,180,14938.57,delayed
839,FL-10839,2,Cebu,Iloilo,40,2023-11-04 19:00,2023-11-04 19:00,0,171,150,2507.29,on_time
840,FL-10840,6,Cebu,Cagayan de Oro,35,2023-06-20 13:30,2023-06-20 14:00,30,108,120,11720.87,on_time
841,FL-10841,8,Manila,Cebu,45,2023-07-30 08:30,2023-07-30 10:30,120,174,180,11856.7,on_time
842,FL-10842,7,Manila,Cagayan de Oro,85,2023-11-20 09:00,2023-11-20 09:00,0,117,150,7195.15,delayed
843,FL-10843,8,Manila,Zamboanga,100,2023-12-19 07:45,2023-12-19 08:15,30,92,150,6574.74,on_time
844,FL-10844,9,Cebu,Iloilo,40,2023-12-07 05:00,2023-12-07 05:00,0,129,160,6399.34,on_time
845,FL-10845,10,Cebu,Cagayan de Oro,35,2023-12-09 08:15,2023-12-09 09:45,90,91,180,1892.33,delayed
846,FL-10846,7,Manila,Zamboanga,100,2023-09-11 05:00,2023-09-11 05:00,0,61,180,4863.49,on_time
847,FL-10847,4,Cebu,Manila,45,2023-12-19 12:45,2023-12-19 14:15,90,80,160,4898.41,cancelled
848,FL-10848,2,Manila,Zamboanga,100,2023-07-02 18:15,2023-07-02 18:45,30,146,160,9961.52,on_time
849,FL-10849,7,Manila,Iloilo,55,2023-09-11 09:45,2023-09-11 09:45,0,127,120,1868.13,cancelled
850,FL-10850,10,Manila,Bacolod,50,2023-11-20 21:30,2023-11-20 21:45,15,160,180,3933.66,on_time
851,FL-10851,10,Manila,Bacolod,50,2023-05-24 11:30,2023-05-24 11:30,0,73,120,8791.91,delayed
852,FL-10852,9,Davao,Manila,90,2023-05-09 10:45,2023-05-09 11:00,15,83,160,12696.87,on_time
853,FL-10853,3,Cebu,Iloilo,40,2023-05-18 21:15,2023-05-18 21:30,15,172,180,5959.46,cancelled
854,FL-10854,7,Manila,Davao,90,2023-10-09 14:00,2023-10-09 14:45,45,115,120,12687.95,on_time
855,FL-10855,10,Cebu,Davao,50,2023-07-03 21:30,2023-07-03 23:30,120,55,160,13112.47,delayed
856,FL-10856,7,Cebu,Cagayan de Oro,35,2023-04-13 13:00,2023-04-13 13:00,0,119,120,10517.93,cancelled
857,FL-10857,8,Manila,Cagayan de Oro,85,2023-10-02 06:00,2023-10-02 06:00,0,62,160,6090.49,delayed
858,FL-10858,2,Manila,Cebu,45,2023-11-20 16:15,2023-11-20 16:15,0,105,180,14490.01,delayed
859,FL-10859,7,Manila,Puerto Princesa,70,2023-05-04 10:00,2023-05-04 10:15,15,164,180,5034.0,on_time
860,FL-10860,9,Manila,Zamboanga,100,2023-06-13 10:15,2023-06-13 10:45,30,148,120,3966.06,on_time
861,FL-10861,8,Manila,Kalibo,60,2023-09-15 15:45,2023-09-15 16:15,30,105,150,11644.53,delayed
862,FL-10862,8,Manila,Kalibo,60,2023-05-29 06:15,2023-05-29 06:30,15,165,180,7331.3,on_time
863,FL-10863,3,Manila,Zamboanga,100,2023-11-08 08:15,2023-11-08 08:30,15,135,160,11523.16,delayed
864,FL-10864,3,Cebu,Cagayan de Oro,35,2023-07-01 09:00,2023-07-01 10:30,90,167,150,12812.53,on_time
865,FL-10865,5,Manila,Cebu,45,2023-01-31 09:45,2023-01-31 09:45,0,157,160,14760.4,on_time
866,FL-10866,3,Manila,Zamboanga,100,2023-10-04 11:15,2023-10-04 11:15,0,86,120,11714.18,on_time
867,FL-10867,3,Davao,Manila,90,2023-07-31 05:00,2023-07-31 05:15,15,98,120,12314.45,delayed
868,FL-10868,6,Manila,Cagayan de Oro,85,2023-03-16 05:15,2023-03-16 05:15,0,99,150,3287.61,on_time
869,FL-10869,6,Manila,Davao,90,2023-09-15 14:15,2023-09-15 15:00,45,98,150,11654.26,on_time
870,FL-10870,5,Manila,Cagayan de Oro,85,2023-06-03 09:00,2023-06-03 09:30,30,140,180,13275.48,delayed
871,FL-10871,7,Manila,Bacolod,50,2023-07-30 07:30,2023-07-30 09:30,120,127,180,2789.93,delayed
872,FL-10872,4,Manila,Zamboanga,100,2023-04-10 17:15,2023-04-10 17:45,30,117,160,11971.64,on_time
873,FL-10873,6,Manila,Cagayan de Oro,85,2023-10-08 11:45,2023-10-08 12:45,60,142,160,3432.99,on_time
874,FL-10874,3,Manila,Bacolod,50,2023-04-14 21:30,2023-04-14 21:30,0,111,150,13392.32,on_time
875,FL-10875,9,Cebu,Cagayan de Oro,35,2023-05-25 07:15,2023-05-25 07:15,0,139,160,14261.6,on_time
876,FL-10876,5,Cebu,Davao,50,2023-03-22 20:30,2023-03-22 21:30,60,125,150,2895.53,delayed
877,FL-10877,3,Cebu,Davao,50,2023-07-09 22:00,2023-07-10 00:00,120,87,160,14982.16,delayed
878,FL-10878,6,Manila,Zamboanga,100,2023-02-18 20:45,2023-02-18 22:15,90,138,120,14672.98,delayed
879,FL-10879,6,Manila,Zamboanga,100,2023-12-17 21:30,2023-12-17 21:30,0,127,120,3081.74,on_time
880,FL-10880,8,Cebu,Iloilo,40,2023-04-18 09:15,2023-04-18 10:15,60,129,160,3464.54,on_time
881,FL-10881,2,Cebu,Davao,50,2023-07-16 07:00,2023-07-16 07:15,15,142,160,11305.01,delayed
882,FL-10882,3,Davao,Manila,90,2023-08-31 11:00,2023-08-31 11:00,0,93,150,11707.05,on_time
883,FL-10883,8,Cebu,Davao,50,2023-03-12 21:30,2023-03-12 21:30,0,131,180,11007.48,delayed
884,FL-10884,10,Cebu,Iloilo,40,2023-12-30 10:30,2023-12-30 12:30,120,104,120,10313.19,on_time
885,FL-10885,4,Manila,Puerto Princesa,70,2023-04-02 21:15,2023-04-02 21:15,0,148,160,4816.09,delayed
886,FL-10886,6,Manila,Bacolod,50,2023-10-18 22:15,2023-10-18 22:15,0,176,180,8461.05,on_time
887,FL-10887,1,Manila,Zamboanga,100,2023-09-16 20:15,2023-09-16 20:15,0,132,120,1665.75,cancelled
888,FL-10888,5,Cebu,Iloilo,40,2023-03-17 16:30,2023-03-17 16:30,0,93,180,13122.88,delayed
889,FL-10889,3,Manila,Zamboanga,100,2023-03-22 11:15,2023-03-22 11:15,0,155,150,6065.84,on_time
890,FL-10890,3,Cebu,Iloilo,40,2023-01-29 17:15,2023-01-29 17:15,0,125,120,7212.57,on_time
891,FL-10891,8,Cebu,Iloilo,40,2023-03-09 09:45,2023-03-09 11:15,90,167,120,11914.13,on_time
892,FL-10892,2,Manila,Cebu,45,2023-10-04 11:45,2023-10-04 12:30,45,140,180,11562.94,delayed
893,FL-10893,10,Manila,Bacolod,50,2023-05-19 18:15,2023-05-19 19:45,90,161,120,6131.32,delayed
894,FL-10894,10,Davao,Manila,90,2023-02-22 07:15,2023-02-22 07:30,15,130,120,4579.37,cancelled
895,FL-10895,7,Manila,Cebu,45,2023-10-31 22:30,2023-10-31 23:30,60,157,150,5956.86,on_time
896,FL-10896,10,Cebu,Iloilo,40,2023-04-03 06:15,2023-04-03 06:15,0,91,160,6578.88,on_time
897,FL-10897,7,Manila,Davao,90,2023-03-29 07:00,2023-03-29 07:45,45,175,120,14542.44,on_time
898,FL-10898,4,Manila,Cagayan de Oro,85,2023-05-23 21:15,2023-05-23 22:15,60,135,180,12106.0,delayed
899,FL-10899,2,Iloilo,Manila,55,2023-08-10 09:00,2023-08-10 09:00,0,122,180,4295.65,cancelled
900,FL-10900,4,Cebu,Cagayan de Oro,35,2023-09-30 22:15,2023-09-30 22:15,0,110,120,3394.12,on_time
901,FL-10901,10,Manila,Puerto Princesa,70,2023-11-12 12:00,2023-11-12 12:15,15,80,120,13844.11,on_time
902,FL-10902,8,Manila,Iloilo,55,2023-07-30 05:45,2023-07-30 07:45,120,120,150,5132.44,cancelled
903,FL-10903,8,Manila,Iloilo,55,2023-09-18 09:00,2023-09-18 09:15,15,53,180,10222.52,cancelled
904,FL-10904,8,Cebu,Cagayan de Oro,35,2023-09-18 16:30,2023-09-18 17:30,60,160,120,4288.13,cancelled
905,FL-10905,7,Manila,Cebu,45,2023-09-07 19:30,2023-09-07 19:30,0,95,150,11297.31,on_time
906,FL-10906,3,Iloilo,Manila,55,2023-01-05 22:15,2023-01-05 22:15,0,179,120,9105.99,delayed
907,FL-10907,4,Cebu,Davao,50,2023-10-08 15:45,2023-10-08 16:15,30,118,160,11071.79,on_time
908,FL-10908,9,Manila,Kalibo,60,2023-06-24 18:30,2023-06-24 20:30,120,100,120,11676.69,delayed
909,FL-10909,6,Manila,Davao,90,2023-03-12 05:15,2023-03-12 05:15,0,177,160,13370.86,on_time
910,FL-10910,1,Cebu,Iloilo,40,2023-04-15 08:00,2023-04-15 08:30,30,86,180,6353.65,delayed
911,FL-10911,3,Iloilo,Manila,55,2023-02-03 17:45,2023-02-03 19:45,120,158,160,4457.66,on_time
912,FL-10912,9,Manila,Cagayan de Oro,85,2023-07-30 22:45,2023-07-31 00:45,120,171,120,10182.59,delayed
913,FL-10913,5,Cebu,Cagayan de Oro,35,2023-01-31 07:00,2023-01-31 07:45,45,137,180,12944.55,on_time
914,FL-10914,2,Cebu,Davao,50,2023-05-31 19:30,2023-05-31 20:00,30,85,160,11793.54,on_time
915,FL-10915,1,Manila,Puerto Princesa,70,2023-01-12 09:15,2023-01-12 09:15,0,175,150,4076.62,on_time
916,FL-10916,3,Iloilo,Manila,55,2023-03-24 22:00,2023-03-24 23:00,60,96,180,11199.18,on_time
917,FL-10917,6,Manila,Cagayan de Oro,85,2023-04-30 06:00,2023-04-30 06:45,45,71,160,9991.18,on_time
918,FL-10918,5,Cebu,Manila,45,2023-05-06 12:30,2023-05-06 12:45,15,153,160,11117.58,on_time
919,FL-10919,3,Manila,Cebu,45,2023-10-27 06:30,2023-10-27 06:45,15,92,180,5312.73,on_time
920,FL-10920,9,Manila,Puerto Princesa,70,2023-06-13 09:45,2023-06-13 11:15,90,166,120,10467.57,delayed
921,FL-10921,1,Manila,Davao,90,2023-09-07 05:45,2023-09-07 07:45,120,174,160,4762.44,on_time
922,FL-10922,10,Cebu,Davao,50,2023-06-22 11:15,2023-06-22 12:15,60,82,120,8038.91,on_time
923,FL-10923,5,Cebu,Davao,50,2023-06-08 08:45,2023-06-08 10:15,90,107,120,9873.76,cancelled
924,FL-10924,8,Manila,Davao,90,2023-12-17 15:30,2023-12-17 16:15,45,75,120,2258.23,delayed
925,FL-10925,5,Cebu,Manila,45,2023-01-17 16:45,2023-01-17 16:45,0,86,150,12278.67,on_time
926,FL-10926,3,Cebu,Iloilo,40,2023-12-30 18:30,2023-12-30 19:00,30,117,120,10293.83,cancelled
927,FL-10927,8,Cebu,Cagayan de Oro,35,2023-08-24 08:30,2023-08-24 09:15,45,131,180,9197.39,on_time
928,FL-10928,4,Manila,Bacolod,50,2023-03-17 17:15,2023-03-17 17:15,0,163,160,6723.99,on_time
929,FL-10929,8,Manila,Cagayan de Oro,85,2023-10-21 10:45,2023-10-21 10:45,0,145,180,9604.33,on_time
930,FL-10930,7,Manila,Iloilo,55,2023-09-26 08:30,2023-09-26 09:15,45,177,150,4799.59,cancelled
931,FL-10931,2,Cebu,Cagayan de Oro,35,2023-11-26 20:15,2023-11-26 20:15,0,177,150,6587.1,on_time
932,FL-10932,8,Manila,Kalibo,60,2023-09-12 21:00,2023-09-12 21:45,45,108,150,6908.62,on_time
933,FL-10933,10,Cebu,Cagayan de Oro,35,2023-07-08 19:00,2023-07-08 20:30,90,175,120,6376.43,on_time
934,FL-10934,1,Cebu,Iloilo,40,2023-02-02 17:30,2023-02-02 17:30,0,139,120,7595.61,delayed
935,FL-10935,7,Cebu,Davao,50,2023-01-10 18:45,2023-01-10 19:15,30,102,180,5124.86,cancelled
936,FL-10936,2,Cebu,Cagayan de Oro,35,2023-03-17 12:15,2023-03-17 14:15,120,77,180,8894.69,delayed
937,FL-10937,2,Cebu,Davao,50,2023-07-29 21:00,2023-07-29 21:00,0,69,180,10959.76,on_time
938,FL-10938,8,Iloilo,Manila,55,2023-01-02 15:00,2023-01-02 16:00,60,168,180,11696.3,on_time
939,FL-10939,6,Manila,Davao,90,2023-09-04 11:15,2023-09-04 11:15,0,167,160,6237.77,on_time
940,FL-10940,7,Iloilo,Manila,55,2023-08-12 14:15,2023-08-12 15:45,90,118,150,3969.4,on_time
941,FL-10941,10,Cebu,Davao,50,2023-03-26 05:30,2023-03-26 06:15,45,136,120,13135.06,on_time
942,FL-10942,4,Cebu,Cagayan de Oro,35,2023-08-07 20:15,2023-08-07 20:15,0,125,160,13092.2,cancelled
943,FL-10943,10,Cebu,Cagayan de Oro,35,2023-11-19 09:30,2023-11-19 10:15,45,141,120,10175.98,on_time
944,FL-10944,8,Cebu,Manila,45,2023-09-30 18:45,2023-09-30 19:00,15,90,120,7305.12,on_time
945,FL-10945,2,Iloilo,Manila,55,2023-06-10 08:15,2023-06-10 09:00,45,129,150,13465.98,cancelled
946,FL-10946,6,Cebu,Davao,50,2023-11-14 13:15,2023-11-14 13:30,15,90,150,3077.58,on_time
947,FL-10947,2,Iloilo,Manila,55,2023-05-15 11:45,2023-05-15 13:45,120,176,160,12134.45,delayed
948,FL-10948,2,Manila,Cagayan de Oro,85,2023-12-06 17:00,2023-12-06 17:00,0,62,120,13026.51,on_time
949,FL-10949,3,Manila,Zamboanga,100,2023-12-02 11:30,2023-12-02 12:30,60,62,160,3454.47,delayed
950,FL-10950,10,Manila,Cagayan de Oro,85,2023-09-18 19:45,2023-09-18 20:30,45,108,150,8251.14,on_time
951,FL-10951,4,Davao,Manila,90,2023-09-03 12:30,2023-09-03 12:30,0,80,160,6701.82,on_time
952,FL-10952,6,Manila,Davao,90,2023-04-24 11:30,2023-04-24 11:30,0,180,180,8786.82,on_time
953,FL-10953,6,Manila,Bacolod,50,2023-11-24 21:45,2023-11-24 23:45,120,63,160,8921.58,delayed
954,FL-10954,2,Manila,Cagayan de Oro,85,2023-10-08 08:30,2023-10-08 08:30,0,150,150,4048.25,on_time
955,FL-10955,3,Manila,Bacolod,50,2023-04-19 22:15,2023-04-19 22:45,30,81,120,7904.68,on_time
956,FL-10956,6,Cebu,Iloilo,40,2023-05-04 06:45,2023-05-04 06:45,0,95,150,14915.7,cancelled
957,FL-10957,1,Davao,Manila,90,2023-08-11 19:15,2023-08-11 19:45,30,164,180,2869.09,delayed
958,FL-10958,2,Manila,Cagayan de Oro,85,2023-03-18 08:30,2023-03-18 10:30,120,118,150,13021.42,on_time
959,FL-10959,7,Manila,Davao,90,2023-06-27 07:30,2023-06-27 07:30,0,104,180,4081.95,delayed
960,FL-10960,2,Manila,Cebu,45,2023-07-29 14:45,2023-07-29 16:15,90,178,150,4331.94,on_time
961,FL-10961,9,Davao,Manila,90,2023-03-15 15:00,2023-03-15 15:15,15,104,150,5880.19,delayed
962,FL-10962,9,Manila,Zamboanga,100,2023-04-17 11:15,2023-04-17 12:00,45,153,160,5788.35,cancelled
963,FL-10963,8,Manila,Bacolod,50,2023-04-30 16:45,2023-04-30 17:30,45,64,150,3871.89,on_time
964,FL-10964,3,Manila,Bacolod,50,2023-04-28 17:30,2023-04-28 19:30,120,146,180,12953.17,delayed
965,FL-10965,10,Iloilo,Manila,55,2023-06-01 11:15,2023-06-01 12:00,45,180,180,4537.66,cancelled
966,FL-10966,3,Davao,Manila,90,2023-01-21 06:30,2023-01-21 06:30,0,84,180,11256.9,delayed
967,FL-10967,7,Davao,Manila,90,2023-06-04 22:45,2023-06-04 22:45,0,78,150,7984.17,on_time
968,FL-10968,6,Manila,Iloilo,55,2023-07-26 16:15,2023-07-26 16:15,0,58,160,12385.73,cancelled
969,FL-10969,4,Manila,Zamboanga,100,2023-06-12 14:00,2023-06-12 15:30,90,79,120,12794.48,on_time
970,FL-10970,5,Cebu,Cagayan de Oro,35,2023-05-06 11:00,2023-05-06 11:00,0,162,120,12493.41,on_time
971,FL-10971,2,Iloilo,Manila,55,2023-12-03 19:15,2023-12-03 20:15,60,168,120,2487.95,delayed
972,FL-10972,2,Cebu,Iloilo,40,2023-08-01 14:45,2023-08-01 14:45,0,104,160,1726.75,on_time
973,FL-10973,6,Manila,Davao,90,2023-05-28 08:45,2023-05-28 08:45,0,178,150,11969.38,on_time
974,FL-10974,3,Cebu,Cagayan de Oro,35,2023-09-07 09:30,2023-09-07 10:00,30,114,160,14739.39,delayed
975,FL-10975,8,Manila,Puerto Princesa,70,2023-03-29 19:15,2023-03-29 19:30,15,154,180,14520.11,on_time
976,FL-10976,4,Manila,Bacolod,50,2023-05-31 08:15,2023-05-31 10:15,120,53,150,3134.27,on_time
977,FL-10977,3,Manila,Davao,90,2023-09-08 21:45,2023-09-08 21:45,0,109,150,13170.42,delayed
978,FL-10978,8,Cebu,Iloilo,40,2023-09-19 07:00,2023-09-19 09:00,120,58,160,6355.62,delayed
979,FL-10979,10,Manila,Kalibo,60,2023-05-04 13:15,2023-05-04 13:15,0,115,180,8428.94,cancelled
980,FL-10980,7,Manila,Puerto Princesa,70,2023-09-23 11:00,2023-09-23 11:00,0,51,160,9383.16,delayed
981,FL-10981,10,Manila,Davao,90,2023-08-01 13:00,2023-08-01 13:15,15,151,160,2080.8,on_time
982,FL-10982,10,Manila,Puerto Princesa,70,2023-04-16 09:00,2023-04-16 09:45,45,159,120,14243.94,on_time
983,FL-10983,4,Iloilo,Manila,55,2023-11-13 21:45,2023-11-13 23:45,120,119,150,14484.08,on_time
984,FL-10984,1,Iloilo,Manila,55,2023-12-21 10:00,2023-12-21 11:00,60,112,160,4072.33,delayed
985,FL-10985,5,Manila,Zamboanga,100,2023-10-24 08:30,2023-10-24 09:00,30,150,180,3267.81,on_time
986,FL-10986,7,Manila,Iloilo,55,2023-08-06 18:30,2023-08-06 18:30,0,153,160,12097.98,cancelled
987,FL-10987,5,Manila,Davao,90,2023-09-30 06:15,2023-09-30 07:15,60,145,150,10989.01,delayed
988,FL-10988,2,Manila,Kalibo,60,2023-11-11 10:45,2023-11-11 10:45,0,68,180,3581.91,on_time
989,FL-10989,5,Manila,Cagayan de Oro,85,2023-03-18 20:30,2023-03-18 20:30,0,132,180,11055.83,on_time
990,FL-10990,3,Manila,Bacolod,50,2023-01-31 18:30,2023-01-31 18:30,0,132,120,6966.77,cancelled
991,FL-10991,9,Manila,Iloilo,55,2023-10-22 11:15,2023-10-22 11:15,0,165,160,9403.31,cancelled
992,FL-10992,1,Manila,Zamboanga,100,2023-01-29 10:15,2023-01-29 10:15,0,124,150,5288.47,on_time
993,FL-10993,3,Manila,Zamboanga,100,2023-07-23 08:15,2023-07-23 08:15,0,80,180,7786.27,delayed
994,FL-10994,4,Cebu,Davao,50,2023-12-27 21:15,2023-12-27 21:45,30,110,120,10016.46,cancelled
995,FL-10995,10,Manila,Cebu,45,2023-10-24 11:15,2023-10-24 13:15,120,142,160,5492.44,on_time
996,FL-10996,9,Cebu,Iloilo,40,2023-01-26 14:45,2023-01-26 15:30,45,128,160,9324.89,on_time
997,FL-10997,9,Manila,Puerto Princesa,70,2023-11-13 18:00,2023-11-13 20:00,120,50,120,12831.27,delayed
998,FL-10998,7,Manila,Cagayan de Oro,85,2023-05-15 18:00,2023-05-15 18:00,0,99,120,8900.96,on_time
999,FL-10999,7,Manila,Cebu,45,2023-04-16 20:45,2023-04-16 20:45,0,127,150,7460.51,on_time
1000,FL-11000,1,Iloilo,Manila,55,2023-01-05 21:15,2023-01-05 21:30,15,71,180,13445.54,on_time
